attraction_id,destination_name,state,attraction_name,category,entry_fee_indian_inr,entry_fee_foreigner_inr,avg_visit_duration_hrs,rating,description
1,Jaipur,Rajasthan,Amber Fort,Fort,250,2000,1.0,4.1,"Fort in Jaipur, Rajasthan."
2,Jaipur,Rajasthan,Hawa Mahal,Monument,40,440,2.0,4.0,"Monument in Jaipur, Rajasthan."
3,Jaipur,Rajasthan,City Palace,Monument,50,700,0.5,4.6,"Monument in Jaipur, Rajasthan."
4,Jaipur,Rajasthan,Jantar Mantar,Monument,50,550,1.5,4.0,"Monument in Jaipur, Rajasthan."
5,Udaipur,Rajasthan,City Palace Udaipur,Monument,100,1300,2.5,4.0,"Monument in Udaipur, Rajasthan."
6,Udaipur,Rajasthan,Lake Pichola,Lake,0,0,2.5,3.7,"Lake in Udaipur, Rajasthan."
7,Udaipur,Rajasthan,Jag Mandir,Monument,30,300,2.5,4.4,"Monument in Udaipur, Rajasthan."
8,Jodhpur,Rajasthan,Mehrangarh Fort,Fort,40,520,2.5,4.2,"Fort in Jodhpur, Rajasthan."
9,Jodhpur,Rajasthan,Umaid Bhawan Palace,Monument,30,390,0.5,3.8,"Monument in Jodhpur, Rajasthan."
10,Jodhpur,Rajasthan,Jaswant Thada,Monument,40,520,0.5,3.9,"Monument in Jodhpur, Rajasthan."
11,Jaisalmer,Rajasthan,Jaisalmer Fort,Fort,50,500,3.0,4.1,"Fort in Jaisalmer, Rajasthan."
12,Jaisalmer,Rajasthan,Patwon Ki Haveli,Heritage Site,100,1000,3.0,3.8,"Heritage Site in Jaisalmer, Rajasthan."
13,Pushkar,Rajasthan,Pushkar Lake,Lake,30,30,2.0,5.0,"Lake in Pushkar, Rajasthan."
14,Pushkar,Rajasthan,Brahma Temple,Temple,0,0,0.5,4.0,"Temple in Pushkar, Rajasthan."
15,Mount Abu,Rajasthan,Dilwara Temples,Temple,0,0,2.0,4.4,"Temple in Mount Abu, Rajasthan."
16,Mount Abu,Rajasthan,Nakki Lake,Lake,0,0,3.0,4.1,"Lake in Mount Abu, Rajasthan."
17,Bikaner,Rajasthan,Junagarh Fort,Fort,100,1300,2.0,4.1,"Fort in Bikaner, Rajasthan."
18,Bikaner,Rajasthan,Karni Mata Temple,Temple,0,0,2.0,4.8,"Temple in Bikaner, Rajasthan."
19,Ajmer,Rajasthan,Ajmer Old Town,Heritage Site,250,3500,3.0,4.5,"Heritage Site in Ajmer, Rajasthan."
20,Chittorgarh,Rajasthan,Chittorgarh Fort,Fort,40,440,1.0,4.7,"Fort in Chittorgarh, Rajasthan."
21,Ranthambore,Rajasthan,Ranthambore National Park,Wildlife Park,200,1000,0.5,4.0,"Wildlife Park in Ranthambore, Rajasthan."
22,Ranthambore,Rajasthan,Ranthambore Fort,Fort,250,3500,2.5,4.5,"Fort in Ranthambore, Rajasthan."
23,Bundi,Rajasthan,Bundi Heritage Walk,Heritage Site,30,360,2.5,4.3,"Heritage Site in Bundi, Rajasthan."
24,Bundi,Rajasthan,Bundi Local Market,Market,0,0,0.5,4.2,"Market in Bundi, Rajasthan."
25,Alwar,Rajasthan,Alwar Heritage Walk,Heritage Site,100,1200,3.0,4.3,"Heritage Site in Alwar, Rajasthan."
26,Alwar,Rajasthan,Alwar Community Museum,Museum,50,250,2.0,3.7,"Museum in Alwar, Rajasthan."
27,Sariska,Rajasthan,Sariska Viewpoint,Viewpoint,30,30,1.0,4.2,"Viewpoint in Sariska, Rajasthan."
28,Nathdwara,Rajasthan,Nathdwara Community Museum,Museum,30,150,2.0,4.0,"Museum in Nathdwara, Rajasthan."
29,Nathdwara,Rajasthan,Nathdwara Local Market,Market,0,0,1.5,4.1,"Market in Nathdwara, Rajasthan."
30,Mandawa,Rajasthan,Mandawa Local Market,Market,0,0,1.5,3.7,"Market in Mandawa, Rajasthan."
31,Mandawa,Rajasthan,Mandawa Old Town,Heritage Site,40,440,3.0,4.4,"Heritage Site in Mandawa, Rajasthan."
32,Kumbhalgarh,Rajasthan,Kumbhalgarh Community Museum,Museum,20,180,3.0,4.1,"Museum in Kumbhalgarh, Rajasthan."
33,Deshnoke,Rajasthan,Deshnoke Viewpoint,Viewpoint,30,30,0.5,4.1,"Viewpoint in Deshnoke, Rajasthan."
34,Deshnoke,Rajasthan,Deshnoke Heritage Walk,Heritage Site,40,360,2.0,4.6,"Heritage Site in Deshnoke, Rajasthan."
35,Sawai Madhopur,Rajasthan,Sawai Madhopur Heritage Walk,Heritage Site,100,1100,0.5,4.4,"Heritage Site in Sawai Madhopur, Rajasthan."
36,Sawai Madhopur,Rajasthan,Sawai Madhopur Local Market,Market,0,0,2.5,3.9,"Market in Sawai Madhopur, Rajasthan."
37,Bharatpur,Rajasthan,Bharatpur Old Town,Heritage Site,100,1000,0.5,4.3,"Heritage Site in Bharatpur, Rajasthan."
38,Bharatpur,Rajasthan,Bharatpur Viewpoint,Viewpoint,0,0,1.0,4.2,"Viewpoint in Bharatpur, Rajasthan."
39,Neemrana,Rajasthan,Neemrana Viewpoint,Viewpoint,20,20,0.5,4.3,"Viewpoint in Neemrana, Rajasthan."
40,Nawalgarh,Rajasthan,Nawalgarh Old Town,Heritage Site,250,3250,1.0,3.6,"Heritage Site in Nawalgarh, Rajasthan."
41,Nawalgarh,Rajasthan,Nawalgarh Viewpoint,Viewpoint,30,30,1.5,3.5,"Viewpoint in Nawalgarh, Rajasthan."
42,Jhunjhunu,Rajasthan,Jhunjhunu Viewpoint,Viewpoint,30,30,3.0,4.2,"Viewpoint in Jhunjhunu, Rajasthan."
43,Barmer,Rajasthan,Barmer Viewpoint,Viewpoint,0,0,1.0,4.6,"Viewpoint in Barmer, Rajasthan."
44,Barmer,Rajasthan,Barmer Heritage Walk,Heritage Site,50,450,3.0,3.9,"Heritage Site in Barmer, Rajasthan."
45,Pali,Rajasthan,Pali Heritage Walk,Heritage Site,40,520,0.5,4.5,"Heritage Site in Pali, Rajasthan."
46,Pali,Rajasthan,Pali Community Museum,Museum,30,150,1.0,4.2,"Museum in Pali, Rajasthan."
47,Sirohi,Rajasthan,Sirohi Community Museum,Museum,50,250,2.0,3.6,"Museum in Sirohi, Rajasthan."
48,Sirohi,Rajasthan,Sirohi Viewpoint,Viewpoint,30,30,1.0,4.4,"Viewpoint in Sirohi, Rajasthan."
49,Dungarpur,Rajasthan,Dungarpur Community Museum,Museum,20,120,1.0,3.7,"Museum in Dungarpur, Rajasthan."
50,Banswara,Rajasthan,Banswara Community Museum,Museum,20,180,2.0,4.3,"Museum in Banswara, Rajasthan."
51,Kota,Rajasthan,Kota Local Market,Market,30,30,1.0,4.6,"Market in Kota, Rajasthan."
52,Karauli,Rajasthan,Karauli Local Market,Market,0,0,1.0,4.3,"Market in Karauli, Rajasthan."
53,Sikar,Rajasthan,Sikar Old Town,Heritage Site,50,400,0.5,4.5,"Heritage Site in Sikar, Rajasthan."
54,Ranakpur,Rajasthan,Ranakpur Viewpoint,Viewpoint,30,30,0.5,4.6,"Viewpoint in Ranakpur, Rajasthan."
55,Osian,Rajasthan,Osian Old Town,Heritage Site,40,520,1.5,3.8,"Heritage Site in Osian, Rajasthan."
56,Deogarh,Rajasthan,Deogarh Old Town,Heritage Site,30,360,1.0,4.2,"Heritage Site in Deogarh, Rajasthan."
57,Churu,Rajasthan,Churu Old Town,Heritage Site,40,520,2.5,4.2,"Heritage Site in Churu, Rajasthan."
58,Munnar,Kerala,Eravikulam National Park,Park,20,20,2.5,4.3,"Park in Munnar, Kerala."
59,Munnar,Kerala,Mattupetty Dam,Landmark,30,30,0.5,4.4,"Landmark in Munnar, Kerala."
60,Alleppey,Kerala,Alleppey Backwaters,Backwaters,20,20,2.0,4.0,"Backwaters in Alleppey, Kerala."
61,Kochi,Kerala,Fort Kochi,Heritage Site,100,1100,2.5,3.9,"Heritage Site in Kochi, Kerala."
62,Kochi,Kerala,Chinese Fishing Nets,Landmark,20,20,3.0,3.9,"Landmark in Kochi, Kerala."
63,Kumarakom,Kerala,Kumarakom Local Market,Market,0,0,1.5,4.6,"Market in Kumarakom, Kerala."
64,Kumarakom,Kerala,Kumarakom Heritage Walk,Heritage Site,50,400,2.0,4.5,"Heritage Site in Kumarakom, Kerala."
65,Thekkady,Kerala,Periyar Wildlife Sanctuary,Wildlife Park,150,1050,2.0,4.5,"Wildlife Park in Thekkady, Kerala."
66,Wayanad,Kerala,Edakkal Caves,Heritage Site,50,600,2.0,3.9,"Heritage Site in Wayanad, Kerala."
67,Wayanad,Kerala,Chembra Peak,Viewpoint,30,30,1.0,4.9,"Viewpoint in Wayanad, Kerala."
68,Kovalam,Kerala,Kovalam Beach,Beach,0,0,2.0,3.8,"Beach in Kovalam, Kerala."
69,Kovalam,Kerala,Lighthouse Beach,Beach,0,0,3.0,4.3,"Beach in Kovalam, Kerala."
70,Varkala,Kerala,Varkala Heritage Walk,Heritage Site,100,1300,3.0,3.8,"Heritage Site in Varkala, Kerala."
71,Thiruvananthapuram,Kerala,Thiruvananthapuram Old Town,Heritage Site,40,360,1.5,4.0,"Heritage Site in Thiruvananthapuram, Kerala."
72,Thiruvananthapuram,Kerala,Thiruvananthapuram Heritage Walk,Heritage Site,40,440,3.0,4.4,"Heritage Site in Thiruvananthapuram, Kerala."
73,Kozhikode,Kerala,Kozhikode Community Museum,Museum,30,150,2.0,4.3,"Museum in Kozhikode, Kerala."
74,Kozhikode,Kerala,Kozhikode Local Market,Market,20,20,1.5,4.2,"Market in Kozhikode, Kerala."
75,Bekal,Kerala,Bekal Heritage Walk,Heritage Site,100,1200,2.0,4.7,"Heritage Site in Bekal, Kerala."
76,Bekal,Kerala,Bekal Old Town,Heritage Site,250,3500,2.0,4.0,"Heritage Site in Bekal, Kerala."
77,Vagamon,Kerala,Vagamon Community Museum,Museum,50,450,2.5,4.0,"Museum in Vagamon, Kerala."
78,Athirappilly,Kerala,Athirappilly Heritage Walk,Heritage Site,30,240,2.0,4.2,"Heritage Site in Athirappilly, Kerala."
79,Kannur,Kerala,Kannur Community Museum,Museum,30,240,2.0,4.0,"Museum in Kannur, Kerala."
80,Kollam,Kerala,Kollam Local Market,Market,0,0,0.5,4.3,"Market in Kollam, Kerala."
81,Kollam,Kerala,Kollam Heritage Walk,Heritage Site,30,420,2.0,4.4,"Heritage Site in Kollam, Kerala."
82,Poovar,Kerala,Poovar Viewpoint,Viewpoint,20,20,2.5,4.1,"Viewpoint in Poovar, Kerala."
83,Marari Beach,Kerala,Marari Beach Local Market,Market,0,0,2.0,4.4,"Market in Marari Beach, Kerala."
84,Idukki,Kerala,Idukki Heritage Walk,Heritage Site,30,270,3.0,4.5,"Heritage Site in Idukki, Kerala."
85,Silent Valley,Kerala,Silent Valley Old Town,Heritage Site,40,360,1.0,3.8,"Heritage Site in Silent Valley, Kerala."
86,Palakkad,Kerala,Palakkad Local Market,Market,0,0,0.5,4.5,"Market in Palakkad, Kerala."
87,Kasaragod,Kerala,Kasaragod Viewpoint,Viewpoint,20,20,1.5,3.8,"Viewpoint in Kasaragod, Kerala."
88,Kasaragod,Kerala,Kasaragod Local Market,Market,0,0,3.0,3.6,"Market in Kasaragod, Kerala."
89,Nelliyampathy,Kerala,Nelliyampathy Viewpoint,Viewpoint,0,0,1.5,4.2,"Viewpoint in Nelliyampathy, Kerala."
90,Ponmudi,Kerala,Ponmudi Local Market,Market,0,0,0.5,4.6,"Market in Ponmudi, Kerala."
91,Ponmudi,Kerala,Ponmudi Community Museum,Museum,50,300,1.0,4.2,"Museum in Ponmudi, Kerala."
92,Shimla,Himachal Pradesh,The Ridge,Landmark,0,0,0.5,4.2,"Landmark in Shimla, Himachal Pradesh."
93,Shimla,Himachal Pradesh,Jakhoo Temple,Temple,0,0,2.5,4.2,"Temple in Shimla, Himachal Pradesh."
94,Manali,Himachal Pradesh,Hadimba Temple,Temple,0,0,2.0,4.0,"Temple in Manali, Himachal Pradesh."
95,Manali,Himachal Pradesh,Solang Valley,Viewpoint,30,30,3.0,3.7,"Viewpoint in Manali, Himachal Pradesh."
96,Dharamshala,Himachal Pradesh,Namgyal Monastery,Monastery,0,0,0.5,4.7,"Monastery in Dharamshala, Himachal Pradesh."
97,McLeod Ganj,Himachal Pradesh,Bhagsu Falls,Waterfall,0,0,0.5,3.9,"Waterfall in McLeod Ganj, Himachal Pradesh."
98,McLeod Ganj,Himachal Pradesh,Dalai Lama Temple Complex,Temple,0,0,1.5,4.0,"Temple in McLeod Ganj, Himachal Pradesh."
99,Kasauli,Himachal Pradesh,Kasauli Heritage Walk,Heritage Site,30,390,2.0,4.2,"Heritage Site in Kasauli, Himachal Pradesh."
100,Dalhousie,Himachal Pradesh,Dalhousie Community Museum,Museum,20,120,1.0,4.3,"Museum in Dalhousie, Himachal Pradesh."
101,Kufri,Himachal Pradesh,Kufri Community Museum,Museum,20,120,2.0,4.1,"Museum in Kufri, Himachal Pradesh."
102,Chail,Himachal Pradesh,Chail Viewpoint,Viewpoint,0,0,0.5,3.8,"Viewpoint in Chail, Himachal Pradesh."
103,Chail,Himachal Pradesh,Chail Local Market,Market,0,0,3.0,3.3,"Market in Chail, Himachal Pradesh."
104,Kasol,Himachal Pradesh,Kasol Riverside,Landmark,30,30,2.5,4.1,"Landmark in Kasol, Himachal Pradesh."
105,Kaza,Himachal Pradesh,Kaza Viewpoint,Viewpoint,20,20,0.5,4.5,"Viewpoint in Kaza, Himachal Pradesh."
106,Kaza,Himachal Pradesh,Kaza Local Market,Market,30,30,2.0,4.5,"Market in Kaza, Himachal Pradesh."
107,Sarahan,Himachal Pradesh,Sarahan Viewpoint,Viewpoint,30,30,2.5,4.4,"Viewpoint in Sarahan, Himachal Pradesh."
108,Manikaran,Himachal Pradesh,Manikaran Community Museum,Museum,50,350,3.0,4.3,"Museum in Manikaran, Himachal Pradesh."
109,Manikaran,Himachal Pradesh,Manikaran Old Town,Heritage Site,40,520,0.5,3.6,"Heritage Site in Manikaran, Himachal Pradesh."
110,Bir,Himachal Pradesh,Bir Heritage Walk,Heritage Site,250,2000,3.0,4.2,"Heritage Site in Bir, Himachal Pradesh."
111,Palampur,Himachal Pradesh,Palampur Heritage Walk,Heritage Site,250,2000,3.0,4.7,"Heritage Site in Palampur, Himachal Pradesh."
112,Solan,Himachal Pradesh,Solan Local Market,Market,0,0,1.0,4.2,"Market in Solan, Himachal Pradesh."
113,Narkanda,Himachal Pradesh,Narkanda Old Town,Heritage Site,30,390,2.5,3.6,"Heritage Site in Narkanda, Himachal Pradesh."
114,Narkanda,Himachal Pradesh,Narkanda Community Museum,Museum,20,140,2.5,4.3,"Museum in Narkanda, Himachal Pradesh."
115,Chamba,Himachal Pradesh,Chamba Old Town,Heritage Site,50,650,1.0,3.8,"Heritage Site in Chamba, Himachal Pradesh."
116,Chamba,Himachal Pradesh,Chamba Viewpoint,Viewpoint,30,30,1.0,4.2,"Viewpoint in Chamba, Himachal Pradesh."
117,Khajjiar,Himachal Pradesh,Khajjiar Local Market,Market,30,30,1.5,4.5,"Market in Khajjiar, Himachal Pradesh."
118,Nahan,Himachal Pradesh,Nahan Community Museum,Museum,50,300,1.5,4.5,"Museum in Nahan, Himachal Pradesh."
119,Nahan,Himachal Pradesh,Nahan Old Town,Heritage Site,30,360,1.5,4.3,"Heritage Site in Nahan, Himachal Pradesh."
120,Mandi,Himachal Pradesh,Mandi Local Market,Market,0,0,2.5,3.5,"Market in Mandi, Himachal Pradesh."
121,Kalpa,Himachal Pradesh,Kalpa Community Museum,Museum,30,240,1.0,4.1,"Museum in Kalpa, Himachal Pradesh."
122,Kalpa,Himachal Pradesh,Kalpa Local Market,Market,20,20,3.0,3.9,"Market in Kalpa, Himachal Pradesh."
123,Barot,Himachal Pradesh,Barot Viewpoint,Viewpoint,30,30,1.5,4.8,"Viewpoint in Barot, Himachal Pradesh."
124,Barot,Himachal Pradesh,Barot Heritage Walk,Heritage Site,50,650,1.5,4.1,"Heritage Site in Barot, Himachal Pradesh."
125,Tirthan Valley,Himachal Pradesh,Tirthan Valley Viewpoint,Viewpoint,20,20,1.0,3.8,"Viewpoint in Tirthan Valley, Himachal Pradesh."
126,Tirthan Valley,Himachal Pradesh,Tirthan Valley Heritage Walk,Heritage Site,250,2500,2.5,4.0,"Heritage Site in Tirthan Valley, Himachal Pradesh."
127,Jibhi,Himachal Pradesh,Jibhi Heritage Walk,Heritage Site,250,3000,1.0,3.9,"Heritage Site in Jibhi, Himachal Pradesh."
128,Nainital,Uttarakhand,Naini Lake,Lake,0,0,1.0,4.1,"Lake in Nainital, Uttarakhand."
129,Nainital,Uttarakhand,Naina Devi Temple,Temple,0,0,1.0,4.5,"Temple in Nainital, Uttarakhand."
130,Mussoorie,Uttarakhand,Kempty Falls,Waterfall,20,20,1.5,4.9,"Waterfall in Mussoorie, Uttarakhand."
131,Mussoorie,Uttarakhand,Gun Hill,Viewpoint,20,20,2.5,4.4,"Viewpoint in Mussoorie, Uttarakhand."
132,Rishikesh,Uttarakhand,Laxman Jhula,Landmark,30,30,1.0,3.8,"Landmark in Rishikesh, Uttarakhand."
133,Rishikesh,Uttarakhand,Triveni Ghat,Ghat,0,0,1.0,4.6,"Ghat in Rishikesh, Uttarakhand."
134,Haridwar,Uttarakhand,Har Ki Pauri,Ghat,0,0,2.5,4.3,"Ghat in Haridwar, Uttarakhand."
135,Dehradun,Uttarakhand,Dehradun Old Town,Heritage Site,30,420,1.5,3.7,"Heritage Site in Dehradun, Uttarakhand."
136,Auli,Uttarakhand,Auli Ski Slopes,Adventure Site,0,0,0.5,4.1,"Adventure Site in Auli, Uttarakhand."
137,Almora,Uttarakhand,Almora Old Town,Heritage Site,100,1400,1.0,4.1,"Heritage Site in Almora, Uttarakhand."
138,Almora,Uttarakhand,Almora Viewpoint,Viewpoint,0,0,1.5,3.7,"Viewpoint in Almora, Uttarakhand."
139,Ranikhet,Uttarakhand,Ranikhet Viewpoint,Viewpoint,0,0,1.0,4.0,"Viewpoint in Ranikhet, Uttarakhand."
140,Ranikhet,Uttarakhand,Ranikhet Community Museum,Museum,20,120,0.5,4.2,"Museum in Ranikhet, Uttarakhand."
141,Kausani,Uttarakhand,Kausani Community Museum,Museum,20,120,1.0,4.2,"Museum in Kausani, Uttarakhand."
142,Lansdowne,Uttarakhand,Lansdowne Community Museum,Museum,20,180,3.0,3.8,"Museum in Lansdowne, Uttarakhand."
143,Ramnagar,Uttarakhand,Ramnagar Local Market,Market,0,0,2.5,3.8,"Market in Ramnagar, Uttarakhand."
144,Ramnagar,Uttarakhand,Ramnagar Community Museum,Museum,30,210,2.5,4.4,"Museum in Ramnagar, Uttarakhand."
145,Kedarnath,Uttarakhand,Kedarnath Community Museum,Museum,30,150,1.5,4.3,"Museum in Kedarnath, Uttarakhand."
146,Badrinath,Uttarakhand,Badrinath Community Museum,Museum,20,120,3.0,3.8,"Museum in Badrinath, Uttarakhand."
147,Badrinath,Uttarakhand,Badrinath Old Town,Heritage Site,30,270,2.5,3.6,"Heritage Site in Badrinath, Uttarakhand."
148,Gangotri,Uttarakhand,Gangotri Local Market,Market,0,0,1.5,4.5,"Market in Gangotri, Uttarakhand."
149,Yamunotri,Uttarakhand,Yamunotri Viewpoint,Viewpoint,0,0,2.5,4.2,"Viewpoint in Yamunotri, Uttarakhand."
150,Chopta,Uttarakhand,Chopta Heritage Walk,Heritage Site,40,400,3.0,3.6,"Heritage Site in Chopta, Uttarakhand."
151,Chopta,Uttarakhand,Chopta Old Town,Heritage Site,40,440,1.5,5.0,"Heritage Site in Chopta, Uttarakhand."
152,Munsyari,Uttarakhand,Munsyari Old Town,Heritage Site,40,360,1.0,3.9,"Heritage Site in Munsyari, Uttarakhand."
153,Munsyari,Uttarakhand,Munsyari Local Market,Market,30,30,1.0,3.9,"Market in Munsyari, Uttarakhand."
154,Bhimtal,Uttarakhand,Bhimtal Local Market,Market,30,30,2.5,4.0,"Market in Bhimtal, Uttarakhand."
155,Sattal,Uttarakhand,Sattal Community Museum,Museum,30,210,1.0,3.8,"Museum in Sattal, Uttarakhand."
156,Pithoragarh,Uttarakhand,Pithoragarh Viewpoint,Viewpoint,20,20,2.0,4.4,"Viewpoint in Pithoragarh, Uttarakhand."
157,Joshimath,Uttarakhand,Joshimath Old Town,Heritage Site,40,440,0.5,4.2,"Heritage Site in Joshimath, Uttarakhand."
158,Jageshwar,Uttarakhand,Jageshwar Heritage Walk,Heritage Site,40,440,2.0,4.4,"Heritage Site in Jageshwar, Uttarakhand."
159,Jageshwar,Uttarakhand,Jageshwar Local Market,Market,30,30,2.5,4.7,"Market in Jageshwar, Uttarakhand."
160,Gopeshwar,Uttarakhand,Gopeshwar Local Market,Market,0,0,2.0,3.8,"Market in Gopeshwar, Uttarakhand."
161,Srinagar,Jammu and Kashmir,Dal Lake,Lake,20,20,1.5,3.8,"Lake in Srinagar, Jammu and Kashmir."
162,Srinagar,Jammu and Kashmir,Mughal Gardens,Park,0,0,2.5,3.6,"Park in Srinagar, Jammu and Kashmir."
163,Gulmarg,Jammu and Kashmir,Gulmarg Gondola,Cable Car,1000,1000,0.5,4.8,"Cable Car in Gulmarg, Jammu and Kashmir."
164,Pahalgam,Jammu and Kashmir,Pahalgam Heritage Walk,Heritage Site,50,550,0.5,4.1,"Heritage Site in Pahalgam, Jammu and Kashmir."
165,Sonamarg,Jammu and Kashmir,Sonamarg Local Market,Market,0,0,1.5,4.4,"Market in Sonamarg, Jammu and Kashmir."
166,Jammu,Jammu and Kashmir,Jammu Heritage Walk,Heritage Site,40,320,2.0,4.5,"Heritage Site in Jammu, Jammu and Kashmir."
167,Jammu,Jammu and Kashmir,Jammu Local Market,Market,0,0,0.5,3.8,"Market in Jammu, Jammu and Kashmir."
168,Katra,Jammu and Kashmir,Katra Local Market,Market,0,0,0.5,4.5,"Market in Katra, Jammu and Kashmir."
169,Katra,Jammu and Kashmir,Katra Heritage Walk,Heritage Site,250,3500,2.0,4.4,"Heritage Site in Katra, Jammu and Kashmir."
170,Patnitop,Jammu and Kashmir,Patnitop Old Town,Heritage Site,100,900,0.5,4.7,"Heritage Site in Patnitop, Jammu and Kashmir."
171,Yusmarg,Jammu and Kashmir,Yusmarg Community Museum,Museum,50,450,2.0,4.3,"Museum in Yusmarg, Jammu and Kashmir."
172,Yusmarg,Jammu and Kashmir,Yusmarg Local Market,Market,0,0,3.0,4.3,"Market in Yusmarg, Jammu and Kashmir."
173,Doda,Jammu and Kashmir,Doda Viewpoint,Viewpoint,20,20,1.0,4.0,"Viewpoint in Doda, Jammu and Kashmir."
174,Doda,Jammu and Kashmir,Doda Community Museum,Museum,30,240,2.5,4.2,"Museum in Doda, Jammu and Kashmir."
175,Anantnag,Jammu and Kashmir,Anantnag Local Market,Market,0,0,1.5,4.1,"Market in Anantnag, Jammu and Kashmir."
176,Baramulla,Jammu and Kashmir,Baramulla Viewpoint,Viewpoint,20,20,2.5,4.0,"Viewpoint in Baramulla, Jammu and Kashmir."
177,Baramulla,Jammu and Kashmir,Baramulla Community Museum,Museum,20,160,1.0,4.4,"Museum in Baramulla, Jammu and Kashmir."
178,Kishtwar,Jammu and Kashmir,Kishtwar Old Town,Heritage Site,40,400,1.0,4.2,"Heritage Site in Kishtwar, Jammu and Kashmir."
179,Leh,Ladakh,Leh Palace,Monument,250,2250,0.5,3.8,"Monument in Leh, Ladakh."
180,Leh,Ladakh,Shanti Stupa,Monument,250,3250,1.5,4.9,"Monument in Leh, Ladakh."
181,Nubra Valley,Ladakh,Nubra Valley Old Town,Heritage Site,100,1300,1.5,3.8,"Heritage Site in Nubra Valley, Ladakh."
182,Pangong Lake,Ladakh,Pangong Lake Viewpoint,Viewpoint,0,0,1.5,3.9,"Viewpoint in Pangong Lake, Ladakh."
183,Pangong Lake,Ladakh,Pangong Lake Heritage Walk,Heritage Site,40,520,1.0,4.2,"Heritage Site in Pangong Lake, Ladakh."
184,Kargil,Ladakh,Kargil Old Town,Heritage Site,250,2250,1.0,4.6,"Heritage Site in Kargil, Ladakh."
185,Zanskar,Ladakh,Zanskar Heritage Walk,Heritage Site,50,450,0.5,4.4,"Heritage Site in Zanskar, Ladakh."
186,Diskit,Ladakh,Diskit Heritage Walk,Heritage Site,100,900,2.5,4.1,"Heritage Site in Diskit, Ladakh."
187,Turtuk,Ladakh,Turtuk Viewpoint,Viewpoint,20,20,3.0,4.8,"Viewpoint in Turtuk, Ladakh."
188,Agra,Uttar Pradesh,Taj Mahal,Monument,50,550,3.0,4.1,"Monument in Agra, Uttar Pradesh."
189,Agra,Uttar Pradesh,Agra Fort,Fort,30,420,2.0,3.4,"Fort in Agra, Uttar Pradesh."
190,Agra,Uttar Pradesh,Fatehpur Sikri,Heritage Site,250,2250,2.0,4.2,"Heritage Site in Agra, Uttar Pradesh."
191,Varanasi,Uttar Pradesh,Kashi Vishwanath Temple,Temple,0,0,0.5,3.9,"Temple in Varanasi, Uttar Pradesh."
192,Varanasi,Uttar Pradesh,Dashashwamedh Ghat,Ghat,0,0,0.5,4.0,"Ghat in Varanasi, Uttar Pradesh."
193,Varanasi,Uttar Pradesh,Sarnath Stupa,Heritage Site,250,2500,2.0,4.3,"Heritage Site in Varanasi, Uttar Pradesh."
194,Lucknow,Uttar Pradesh,Lucknow Heritage Walk,Heritage Site,50,400,0.5,4.4,"Heritage Site in Lucknow, Uttar Pradesh."
195,Lucknow,Uttar Pradesh,Lucknow Community Museum,Museum,50,350,0.5,4.0,"Museum in Lucknow, Uttar Pradesh."
196,Mathura,Uttar Pradesh,Mathura Heritage Walk,Heritage Site,50,450,1.5,4.1,"Heritage Site in Mathura, Uttar Pradesh."
197,Mathura,Uttar Pradesh,Mathura Local Market,Market,0,0,2.5,3.6,"Market in Mathura, Uttar Pradesh."
198,Vrindavan,Uttar Pradesh,Vrindavan Old Town,Heritage Site,40,360,3.0,4.3,"Heritage Site in Vrindavan, Uttar Pradesh."
199,Vrindavan,Uttar Pradesh,Vrindavan Viewpoint,Viewpoint,0,0,3.0,3.7,"Viewpoint in Vrindavan, Uttar Pradesh."
200,Fatehpur Sikri,Uttar Pradesh,Fatehpur Sikri Local Market,Market,30,30,1.5,4.5,"Market in Fatehpur Sikri, Uttar Pradesh."
201,Ayodhya,Uttar Pradesh,Ayodhya Local Market,Market,0,0,1.0,3.6,"Market in Ayodhya, Uttar Pradesh."
202,Ayodhya,Uttar Pradesh,Ayodhya Heritage Walk,Heritage Site,50,450,2.5,4.5,"Heritage Site in Ayodhya, Uttar Pradesh."
203,Prayagraj,Uttar Pradesh,Prayagraj Local Market,Market,30,30,3.0,3.8,"Market in Prayagraj, Uttar Pradesh."
204,Prayagraj,Uttar Pradesh,Prayagraj Viewpoint,Viewpoint,0,0,1.5,4.3,"Viewpoint in Prayagraj, Uttar Pradesh."
205,Sarnath,Uttar Pradesh,Sarnath Viewpoint,Viewpoint,20,20,3.0,4.0,"Viewpoint in Sarnath, Uttar Pradesh."
206,Sarnath,Uttar Pradesh,Sarnath Heritage Walk,Heritage Site,40,320,3.0,4.3,"Heritage Site in Sarnath, Uttar Pradesh."
207,Jhansi,Uttar Pradesh,Jhansi Heritage Walk,Heritage Site,100,1300,2.0,4.8,"Heritage Site in Jhansi, Uttar Pradesh."
208,Chitrakoot,Uttar Pradesh,Chitrakoot Old Town,Heritage Site,40,320,2.0,4.2,"Heritage Site in Chitrakoot, Uttar Pradesh."
209,Kanpur,Uttar Pradesh,Kanpur Community Museum,Museum,20,180,3.0,4.2,"Museum in Kanpur, Uttar Pradesh."
210,Kushinagar,Uttar Pradesh,Kushinagar Old Town,Heritage Site,250,2000,0.5,4.4,"Heritage Site in Kushinagar, Uttar Pradesh."
211,Kushinagar,Uttar Pradesh,Kushinagar Local Market,Market,0,0,1.0,4.0,"Market in Kushinagar, Uttar Pradesh."
212,Shravasti,Uttar Pradesh,Shravasti Viewpoint,Viewpoint,0,0,1.0,4.1,"Viewpoint in Shravasti, Uttar Pradesh."
213,Shravasti,Uttar Pradesh,Shravasti Local Market,Market,0,0,1.5,3.6,"Market in Shravasti, Uttar Pradesh."
214,Ahmedabad,Gujarat,Ahmedabad Viewpoint,Viewpoint,20,20,0.5,4.0,"Viewpoint in Ahmedabad, Gujarat."
215,Ahmedabad,Gujarat,Ahmedabad Heritage Walk,Heritage Site,250,2500,1.0,3.8,"Heritage Site in Ahmedabad, Gujarat."
216,Bhuj,Gujarat,Bhuj Local Market,Market,0,0,1.0,3.9,"Market in Bhuj, Gujarat."
217,Sasan Gir,Gujarat,Gir National Park,Wildlife Park,300,2100,1.5,4.1,"Wildlife Park in Sasan Gir, Gujarat."
218,Dwarka,Gujarat,Dwarka Viewpoint,Viewpoint,0,0,0.5,4.2,"Viewpoint in Dwarka, Gujarat."
219,Somnath,Gujarat,Somnath Community Museum,Museum,30,150,2.0,4.1,"Museum in Somnath, Gujarat."
220,Diu,Gujarat,Diu Community Museum,Museum,20,160,3.0,4.8,"Museum in Diu, Gujarat."
221,Diu,Gujarat,Diu Viewpoint,Viewpoint,30,30,0.5,4.2,"Viewpoint in Diu, Gujarat."
222,Vadodara,Gujarat,Vadodara Heritage Walk,Heritage Site,50,650,2.0,3.8,"Heritage Site in Vadodara, Gujarat."
223,Saputara,Gujarat,Saputara Local Market,Market,0,0,2.5,3.8,"Market in Saputara, Gujarat."
224,Kevadia,Gujarat,Kevadia Old Town,Heritage Site,50,400,3.0,4.6,"Heritage Site in Kevadia, Gujarat."
225,Kevadia,Gujarat,Kevadia Heritage Walk,Heritage Site,50,550,3.0,4.0,"Heritage Site in Kevadia, Gujarat."
226,Junagadh,Gujarat,Junagadh Old Town,Heritage Site,100,1400,1.5,4.3,"Heritage Site in Junagadh, Gujarat."
227,Champaner,Gujarat,Champaner Heritage Walk,Heritage Site,250,2500,0.5,3.8,"Heritage Site in Champaner, Gujarat."
228,Champaner,Gujarat,Champaner Viewpoint,Viewpoint,0,0,2.0,5.0,"Viewpoint in Champaner, Gujarat."
229,Surat,Gujarat,Surat Old Town,Heritage Site,100,1300,1.0,4.0,"Heritage Site in Surat, Gujarat."
230,Rajkot,Gujarat,Rajkot Viewpoint,Viewpoint,0,0,1.0,4.1,"Viewpoint in Rajkot, Gujarat."
231,Rajkot,Gujarat,Rajkot Old Town,Heritage Site,30,420,1.5,4.1,"Heritage Site in Rajkot, Gujarat."
232,Palitana,Gujarat,Palitana Viewpoint,Viewpoint,0,0,3.0,4.1,"Viewpoint in Palitana, Gujarat."
233,Porbandar,Gujarat,Porbandar Old Town,Heritage Site,30,270,3.0,4.5,"Heritage Site in Porbandar, Gujarat."
234,Modhera,Gujarat,Modhera Old Town,Heritage Site,250,3000,2.5,4.2,"Heritage Site in Modhera, Gujarat."
235,Modhera,Gujarat,Modhera Community Museum,Museum,20,180,2.5,4.8,"Museum in Modhera, Gujarat."
236,Lothal,Gujarat,Lothal Viewpoint,Viewpoint,20,20,2.0,4.0,"Viewpoint in Lothal, Gujarat."
237,Mumbai,Maharashtra,Gateway of India,Monument,100,800,3.0,4.1,"Monument in Mumbai, Maharashtra."
238,Mumbai,Maharashtra,Marine Drive,Landmark,0,0,2.5,4.2,"Landmark in Mumbai, Maharashtra."
239,Mumbai,Maharashtra,Elephanta Caves,Heritage Site,250,2250,1.5,4.0,"Heritage Site in Mumbai, Maharashtra."
240,Pune,Maharashtra,Pune Old Town,Heritage Site,50,400,2.5,4.0,"Heritage Site in Pune, Maharashtra."
241,Pune,Maharashtra,Pune Heritage Walk,Heritage Site,40,360,2.5,3.7,"Heritage Site in Pune, Maharashtra."
242,Lonavala,Maharashtra,Lonavala Local Market,Market,0,0,2.0,4.3,"Market in Lonavala, Maharashtra."
243,Mahabaleshwar,Maharashtra,Mahabaleshwar Viewpoint,Viewpoint,0,0,1.5,3.7,"Viewpoint in Mahabaleshwar, Maharashtra."
244,Nashik,Maharashtra,Nashik Community Museum,Museum,50,300,3.0,3.9,"Museum in Nashik, Maharashtra."
245,Nashik,Maharashtra,Nashik Old Town,Heritage Site,50,400,1.0,4.3,"Heritage Site in Nashik, Maharashtra."
246,Aurangabad,Maharashtra,Aurangabad Heritage Walk,Heritage Site,250,2000,0.5,4.0,"Heritage Site in Aurangabad, Maharashtra."
247,Aurangabad,Maharashtra,Aurangabad Viewpoint,Viewpoint,0,0,2.5,3.9,"Viewpoint in Aurangabad, Maharashtra."
248,Ajanta,Maharashtra,Ajanta Caves,Heritage Site,50,650,0.5,4.0,"Heritage Site in Ajanta, Maharashtra."
249,Ellora,Maharashtra,Ellora Caves,Heritage Site,250,3250,0.5,3.6,"Heritage Site in Ellora, Maharashtra."
250,Alibaug,Maharashtra,Alibaug Viewpoint,Viewpoint,20,20,2.0,4.3,"Viewpoint in Alibaug, Maharashtra."
251,Alibaug,Maharashtra,Alibaug Local Market,Market,0,0,1.5,4.5,"Market in Alibaug, Maharashtra."
252,Matheran,Maharashtra,Matheran Old Town,Heritage Site,50,700,2.5,4.5,"Heritage Site in Matheran, Maharashtra."
253,Khandala,Maharashtra,Khandala Viewpoint,Viewpoint,0,0,1.0,4.2,"Viewpoint in Khandala, Maharashtra."
254,Shirdi,Maharashtra,Shirdi Community Museum,Museum,20,100,1.5,4.4,"Museum in Shirdi, Maharashtra."
255,Kolhapur,Maharashtra,Kolhapur Community Museum,Museum,50,400,2.0,3.8,"Museum in Kolhapur, Maharashtra."
256,Kolhapur,Maharashtra,Kolhapur Old Town,Heritage Site,100,1200,0.5,4.7,"Heritage Site in Kolhapur, Maharashtra."
257,Panchgani,Maharashtra,Panchgani Old Town,Heritage Site,30,360,2.0,3.8,"Heritage Site in Panchgani, Maharashtra."
258,Panchgani,Maharashtra,Panchgani Viewpoint,Viewpoint,0,0,2.5,4.3,"Viewpoint in Panchgani, Maharashtra."
259,Tadoba,Maharashtra,Tadoba Community Museum,Museum,20,140,1.5,4.3,"Museum in Tadoba, Maharashtra."
260,Lavasa,Maharashtra,Lavasa Heritage Walk,Heritage Site,30,390,2.0,4.0,"Heritage Site in Lavasa, Maharashtra."
261,Lavasa,Maharashtra,Lavasa Community Museum,Museum,20,140,3.0,4.3,"Museum in Lavasa, Maharashtra."
262,Ratnagiri,Maharashtra,Ratnagiri Heritage Walk,Heritage Site,30,390,3.0,4.2,"Heritage Site in Ratnagiri, Maharashtra."
263,Ganpatipule,Maharashtra,Ganpatipule Heritage Walk,Heritage Site,40,360,0.5,3.9,"Heritage Site in Ganpatipule, Maharashtra."
264,Igatpuri,Maharashtra,Igatpuri Viewpoint,Viewpoint,20,20,0.5,4.5,"Viewpoint in Igatpuri, Maharashtra."
265,Nagpur,Maharashtra,Nagpur Heritage Walk,Heritage Site,40,440,1.5,4.0,"Heritage Site in Nagpur, Maharashtra."
266,Bhandardara,Maharashtra,Bhandardara Heritage Walk,Heritage Site,50,450,0.5,3.5,"Heritage Site in Bhandardara, Maharashtra."
267,Bhandardara,Maharashtra,Bhandardara Community Museum,Museum,20,140,1.0,3.4,"Museum in Bhandardara, Maharashtra."
268,Karjat,Maharashtra,Karjat Viewpoint,Viewpoint,0,0,1.0,4.2,"Viewpoint in Karjat, Maharashtra."
269,Karjat,Maharashtra,Karjat Community Museum,Museum,20,140,1.5,4.2,"Museum in Karjat, Maharashtra."
270,Amboli,Maharashtra,Amboli Community Museum,Museum,50,400,2.5,4.2,"Museum in Amboli, Maharashtra."
271,Amboli,Maharashtra,Amboli Heritage Walk,Heritage Site,30,360,2.0,4.4,"Heritage Site in Amboli, Maharashtra."
272,Chiplun,Maharashtra,Chiplun Community Museum,Museum,20,120,1.5,4.0,"Museum in Chiplun, Maharashtra."
273,Chiplun,Maharashtra,Chiplun Old Town,Heritage Site,30,240,3.0,4.5,"Heritage Site in Chiplun, Maharashtra."
274,Sindhudurg,Maharashtra,Sindhudurg Local Market,Market,0,0,1.0,4.3,"Market in Sindhudurg, Maharashtra."
275,Sindhudurg,Maharashtra,Sindhudurg Viewpoint,Viewpoint,0,0,1.0,4.2,"Viewpoint in Sindhudurg, Maharashtra."
276,Calangute,Goa,Calangute Beach,Beach,0,0,1.0,4.2,"Beach in Calangute, Goa."
277,Baga,Goa,Baga Beach,Beach,0,0,0.5,4.7,"Beach in Baga, Goa."
278,Anjuna,Goa,Anjuna Flea Market,Landmark,0,0,3.0,4.8,"Landmark in Anjuna, Goa."
279,Palolem,Goa,Palolem Beach,Beach,30,30,2.0,4.0,"Beach in Palolem, Goa."
280,Candolim,Goa,Candolim Local Market,Market,20,20,3.0,4.1,"Market in Candolim, Goa."
281,Panaji,Goa,Basilica of Bom Jesus,Heritage Site,40,360,2.0,4.1,"Heritage Site in Panaji, Goa."
282,Panaji,Goa,Fontainhas,Heritage Site,30,300,2.0,4.5,"Heritage Site in Panaji, Goa."
283,Old Goa,Goa,Basilica of Bom Jesus,Heritage Site,40,480,2.5,4.6,"Heritage Site in Old Goa, Goa."
284,Old Goa,Goa,Se Cathedral,Monument,250,2250,0.5,3.6,"Monument in Old Goa, Goa."
285,Colva,Goa,Colva Viewpoint,Viewpoint,30,30,1.0,4.7,"Viewpoint in Colva, Goa."
286,Colva,Goa,Colva Community Museum,Museum,30,210,2.5,4.0,"Museum in Colva, Goa."
287,Arambol,Goa,Arambol Old Town,Heritage Site,50,450,3.0,4.7,"Heritage Site in Arambol, Goa."
288,Vagator,Goa,Vagator Old Town,Heritage Site,30,300,2.5,4.1,"Heritage Site in Vagator, Goa."
289,Vagator,Goa,Vagator Community Museum,Museum,50,400,1.5,3.7,"Museum in Vagator, Goa."
290,Dona Paula,Goa,Dona Paula Heritage Walk,Heritage Site,30,300,1.0,4.1,"Heritage Site in Dona Paula, Goa."
291,Morjim,Goa,Morjim Old Town,Heritage Site,30,330,2.5,4.9,"Heritage Site in Morjim, Goa."
292,Agonda,Goa,Agonda Heritage Walk,Heritage Site,40,560,3.0,4.8,"Heritage Site in Agonda, Goa."
293,Benaulim,Goa,Benaulim Heritage Walk,Heritage Site,250,3500,3.0,4.1,"Heritage Site in Benaulim, Goa."
294,Benaulim,Goa,Benaulim Viewpoint,Viewpoint,0,0,1.5,4.0,"Viewpoint in Benaulim, Goa."
295,Chapora,Goa,Chapora Local Market,Market,20,20,2.0,4.2,"Market in Chapora, Goa."
296,Chapora,Goa,Chapora Community Museum,Museum,30,240,2.5,4.2,"Museum in Chapora, Goa."
297,Khajuraho,Madhya Pradesh,Khajuraho Group of Monuments,Heritage Site,100,1100,2.5,3.5,"Heritage Site in Khajuraho, Madhya Pradesh."
298,Bhopal,Madhya Pradesh,Sanchi Stupa (near Bhopal),Heritage Site,30,330,1.0,4.2,"Heritage Site in Bhopal, Madhya Pradesh."
299,Bhopal,Madhya Pradesh,Upper Lake Bhopal,Lake,0,0,3.0,3.9,"Lake in Bhopal, Madhya Pradesh."
300,Pachmarhi,Madhya Pradesh,Pachmarhi Local Market,Market,30,30,3.0,4.7,"Market in Pachmarhi, Madhya Pradesh."
301,Kanha,Madhya Pradesh,Kanha National Park,Wildlife Park,200,1400,1.5,4.2,"Wildlife Park in Kanha, Madhya Pradesh."
302,Bandhavgarh,Madhya Pradesh,Bandhavgarh National Park,Wildlife Park,300,1200,0.5,4.2,"Wildlife Park in Bandhavgarh, Madhya Pradesh."
303,Ujjain,Madhya Pradesh,Mahakaleshwar Temple,Temple,0,0,1.0,4.5,"Temple in Ujjain, Madhya Pradesh."
304,Gwalior,Madhya Pradesh,Gwalior Fort,Fort,100,1000,1.0,4.1,"Fort in Gwalior, Madhya Pradesh."
305,Orchha,Madhya Pradesh,Orchha Fort Complex,Fort,250,2750,2.0,4.3,"Fort in Orchha, Madhya Pradesh."
306,Indore,Madhya Pradesh,Indore Heritage Walk,Heritage Site,30,330,2.0,3.8,"Heritage Site in Indore, Madhya Pradesh."
307,Omkareshwar,Madhya Pradesh,Omkareshwar Old Town,Heritage Site,100,1400,0.5,4.1,"Heritage Site in Omkareshwar, Madhya Pradesh."
308,Omkareshwar,Madhya Pradesh,Omkareshwar Community Museum,Museum,30,180,0.5,3.5,"Museum in Omkareshwar, Madhya Pradesh."
309,Mandu,Madhya Pradesh,Mandu Old Town,Heritage Site,30,390,2.5,4.2,"Heritage Site in Mandu, Madhya Pradesh."
310,Panna,Madhya Pradesh,Panna Viewpoint,Viewpoint,30,30,1.0,4.0,"Viewpoint in Panna, Madhya Pradesh."
311,Amarkantak,Madhya Pradesh,Amarkantak Viewpoint,Viewpoint,0,0,2.5,3.6,"Viewpoint in Amarkantak, Madhya Pradesh."
312,Bhedaghat,Madhya Pradesh,Bhedaghat Local Market,Market,0,0,0.5,4.7,"Market in Bhedaghat, Madhya Pradesh."
313,Maheshwar,Madhya Pradesh,Maheshwar Old Town,Heritage Site,50,450,1.5,4.1,"Heritage Site in Maheshwar, Madhya Pradesh."
314,Maheshwar,Madhya Pradesh,Maheshwar Local Market,Market,0,0,3.0,5.0,"Market in Maheshwar, Madhya Pradesh."
315,Chitrakote Falls,Chhattisgarh,Chitrakote Falls Local Market,Market,20,20,1.0,4.4,"Market in Chitrakote Falls, Chhattisgarh."
316,Chitrakote Falls,Chhattisgarh,Chitrakote Falls Viewpoint,Viewpoint,20,20,2.5,4.0,"Viewpoint in Chitrakote Falls, Chhattisgarh."
317,Jagdalpur,Chhattisgarh,Jagdalpur Community Museum,Museum,20,180,3.0,3.7,"Museum in Jagdalpur, Chhattisgarh."
318,Raipur,Chhattisgarh,Raipur Local Market,Market,0,0,3.0,4.2,"Market in Raipur, Chhattisgarh."
319,Raipur,Chhattisgarh,Raipur Community Museum,Museum,50,450,2.5,4.3,"Museum in Raipur, Chhattisgarh."
320,Kanger Valley,Chhattisgarh,Kanger Valley Local Market,Market,0,0,0.5,4.5,"Market in Kanger Valley, Chhattisgarh."
321,Bilaspur,Chhattisgarh,Bilaspur Local Market,Market,0,0,1.0,3.9,"Market in Bilaspur, Chhattisgarh."
322,Bilaspur,Chhattisgarh,Bilaspur Viewpoint,Viewpoint,30,30,1.5,4.1,"Viewpoint in Bilaspur, Chhattisgarh."
323,Sirpur,Chhattisgarh,Sirpur Heritage Walk,Heritage Site,30,390,1.0,4.4,"Heritage Site in Sirpur, Chhattisgarh."
324,Sirpur,Chhattisgarh,Sirpur Viewpoint,Viewpoint,20,20,2.5,4.1,"Viewpoint in Sirpur, Chhattisgarh."
325,Bangalore,Karnataka,Lalbagh Botanical Garden,Park,0,0,3.0,4.2,"Park in Bangalore, Karnataka."
326,Bangalore,Karnataka,Bangalore Palace,Monument,40,480,0.5,4.7,"Monument in Bangalore, Karnataka."
327,Mysore,Karnataka,Mysore Palace,Monument,40,520,2.0,3.6,"Monument in Mysore, Karnataka."
328,Mysore,Karnataka,Chamundi Hills,Temple,0,0,2.0,4.4,"Temple in Mysore, Karnataka."
329,Madikeri,Karnataka,Abbey Falls,Waterfall,20,20,2.0,4.1,"Waterfall in Madikeri, Karnataka."
330,Madikeri,Karnataka,Raja's Seat,Viewpoint,0,0,3.0,4.8,"Viewpoint in Madikeri, Karnataka."
331,Hampi,Karnataka,Virupaksha Temple,Temple,0,0,1.0,4.1,"Temple in Hampi, Karnataka."
332,Hampi,Karnataka,Vittala Temple Complex,Heritage Site,50,400,3.0,4.8,"Heritage Site in Hampi, Karnataka."
333,Hampi,Karnataka,Hampi Bazaar,Heritage Site,50,500,1.0,4.0,"Heritage Site in Hampi, Karnataka."
334,Chikmagalur,Karnataka,Chikmagalur Viewpoint,Viewpoint,30,30,2.5,4.0,"Viewpoint in Chikmagalur, Karnataka."
335,Chikmagalur,Karnataka,Chikmagalur Local Market,Market,0,0,2.0,4.5,"Market in Chikmagalur, Karnataka."
336,Gokarna,Karnataka,Om Beach,Beach,20,20,1.5,3.4,"Beach in Gokarna, Karnataka."
337,Gokarna,Karnataka,Kudle Beach,Beach,0,0,1.0,4.3,"Beach in Gokarna, Karnataka."
338,Udupi,Karnataka,Udupi Old Town,Heritage Site,50,550,0.5,4.4,"Heritage Site in Udupi, Karnataka."
339,Udupi,Karnataka,Udupi Viewpoint,Viewpoint,0,0,2.0,3.8,"Viewpoint in Udupi, Karnataka."
340,Badami,Karnataka,Badami Heritage Walk,Heritage Site,30,390,3.0,4.3,"Heritage Site in Badami, Karnataka."
341,Badami,Karnataka,Badami Local Market,Market,0,0,0.5,4.1,"Market in Badami, Karnataka."
342,Belur,Karnataka,Belur Old Town,Heritage Site,30,240,0.5,3.9,"Heritage Site in Belur, Karnataka."
343,Halebidu,Karnataka,Halebidu Local Market,Market,0,0,2.5,4.0,"Market in Halebidu, Karnataka."
344,Halebidu,Karnataka,Halebidu Heritage Walk,Heritage Site,30,390,2.0,4.3,"Heritage Site in Halebidu, Karnataka."
345,Jog Falls,Karnataka,Jog Falls Local Market,Market,20,20,2.0,3.8,"Market in Jog Falls, Karnataka."
346,Jog Falls,Karnataka,Jog Falls Viewpoint,Viewpoint,30,30,1.5,4.5,"Viewpoint in Jog Falls, Karnataka."
347,Nandi Hills,Karnataka,Nandi Hills Community Museum,Museum,30,210,3.0,4.4,"Museum in Nandi Hills, Karnataka."
348,Nandi Hills,Karnataka,Nandi Hills Old Town,Heritage Site,40,320,2.5,5.0,"Heritage Site in Nandi Hills, Karnataka."
349,Bandipur,Karnataka,Bandipur Old Town,Heritage Site,50,500,3.0,4.3,"Heritage Site in Bandipur, Karnataka."
350,Bandipur,Karnataka,Bandipur Local Market,Market,30,30,1.5,3.5,"Market in Bandipur, Karnataka."
351,Kabini,Karnataka,Kabini Local Market,Market,30,30,1.0,4.0,"Market in Kabini, Karnataka."
352,Kabini,Karnataka,Kabini Heritage Walk,Heritage Site,100,900,0.5,4.0,"Heritage Site in Kabini, Karnataka."
353,Murudeshwar,Karnataka,Murudeshwar Community Museum,Museum,20,160,3.0,4.7,"Museum in Murudeshwar, Karnataka."
354,Bijapur,Karnataka,Bijapur Local Market,Market,20,20,3.0,4.6,"Market in Bijapur, Karnataka."
355,Hassan,Karnataka,Hassan Local Market,Market,0,0,0.5,4.4,"Market in Hassan, Karnataka."
356,Hassan,Karnataka,Hassan Old Town,Heritage Site,50,700,3.0,3.5,"Heritage Site in Hassan, Karnataka."
357,Agumbe,Karnataka,Agumbe Community Museum,Museum,20,140,2.5,4.3,"Museum in Agumbe, Karnataka."
358,Sringeri,Karnataka,Sringeri Community Museum,Museum,50,450,1.0,3.8,"Museum in Sringeri, Karnataka."
359,Dandeli,Karnataka,Dandeli Viewpoint,Viewpoint,0,0,2.0,4.3,"Viewpoint in Dandeli, Karnataka."
360,Dandeli,Karnataka,Dandeli Local Market,Market,20,20,1.5,4.0,"Market in Dandeli, Karnataka."
361,Bidar,Karnataka,Bidar Community Museum,Museum,50,450,0.5,3.9,"Museum in Bidar, Karnataka."
362,Bidar,Karnataka,Bidar Viewpoint,Viewpoint,20,20,1.5,4.8,"Viewpoint in Bidar, Karnataka."
363,Kudremukh,Karnataka,Kudremukh Community Museum,Museum,20,120,2.5,4.1,"Museum in Kudremukh, Karnataka."
364,Chennai,Tamil Nadu,Marina Beach,Beach,20,20,3.0,4.6,"Beach in Chennai, Tamil Nadu."
365,Chennai,Tamil Nadu,Kapaleeshwarar Temple,Temple,0,0,2.0,3.8,"Temple in Chennai, Tamil Nadu."
366,Ooty,Tamil Nadu,Ooty Lake,Lake,0,0,3.0,4.2,"Lake in Ooty, Tamil Nadu."
367,Ooty,Tamil Nadu,Botanical Garden Ooty,Park,0,0,2.5,4.3,"Park in Ooty, Tamil Nadu."
368,Kodaikanal,Tamil Nadu,Kodaikanal Lake,Lake,30,30,3.0,4.2,"Lake in Kodaikanal, Tamil Nadu."
369,Kodaikanal,Tamil Nadu,Coaker's Walk,Viewpoint,30,30,1.5,4.0,"Viewpoint in Kodaikanal, Tamil Nadu."
370,Madurai,Tamil Nadu,Meenakshi Amman Temple,Temple,0,0,2.0,3.7,"Temple in Madurai, Tamil Nadu."
371,Rameshwaram,Tamil Nadu,Ramanathaswamy Temple,Temple,0,0,0.5,4.7,"Temple in Rameshwaram, Tamil Nadu."
372,Kanyakumari,Tamil Nadu,Vivekananda Rock Memorial,Monument,50,450,0.5,4.5,"Monument in Kanyakumari, Tamil Nadu."
373,Kanyakumari,Tamil Nadu,Thiruvalluvar Statue,Monument,100,1100,0.5,3.8,"Monument in Kanyakumari, Tamil Nadu."
374,Mahabalipuram,Tamil Nadu,Shore Temple,Temple,0,0,0.5,4.3,"Temple in Mahabalipuram, Tamil Nadu."
375,Mahabalipuram,Tamil Nadu,Pancha Rathas,Heritage Site,30,420,2.0,3.8,"Heritage Site in Mahabalipuram, Tamil Nadu."
376,Coimbatore,Tamil Nadu,Coimbatore Old Town,Heritage Site,40,320,2.5,4.6,"Heritage Site in Coimbatore, Tamil Nadu."
377,Coimbatore,Tamil Nadu,Coimbatore Local Market,Market,0,0,0.5,4.4,"Market in Coimbatore, Tamil Nadu."
378,Yercaud,Tamil Nadu,Yercaud Local Market,Market,0,0,1.0,4.6,"Market in Yercaud, Tamil Nadu."
379,Yercaud,Tamil Nadu,Yercaud Community Museum,Museum,50,300,2.0,4.3,"Museum in Yercaud, Tamil Nadu."
380,Thanjavur,Tamil Nadu,Thanjavur Heritage Walk,Heritage Site,250,3000,1.5,4.0,"Heritage Site in Thanjavur, Tamil Nadu."
381,Trichy,Tamil Nadu,Trichy Local Market,Market,0,0,2.5,4.4,"Market in Trichy, Tamil Nadu."
382,Coonoor,Tamil Nadu,Coonoor Old Town,Heritage Site,100,1200,0.5,4.2,"Heritage Site in Coonoor, Tamil Nadu."
383,Kumbakonam,Tamil Nadu,Kumbakonam Heritage Walk,Heritage Site,100,900,1.0,4.2,"Heritage Site in Kumbakonam, Tamil Nadu."
384,Kumbakonam,Tamil Nadu,Kumbakonam Old Town,Heritage Site,100,1400,3.0,4.5,"Heritage Site in Kumbakonam, Tamil Nadu."
385,Chettinad,Tamil Nadu,Chettinad Viewpoint,Viewpoint,20,20,0.5,4.4,"Viewpoint in Chettinad, Tamil Nadu."
386,Chettinad,Tamil Nadu,Chettinad Community Museum,Museum,30,270,2.5,4.0,"Museum in Chettinad, Tamil Nadu."
387,Vellore,Tamil Nadu,Vellore Heritage Walk,Heritage Site,100,800,1.5,4.3,"Heritage Site in Vellore, Tamil Nadu."
388,Yelagiri,Tamil Nadu,Yelagiri Viewpoint,Viewpoint,0,0,3.0,4.8,"Viewpoint in Yelagiri, Tamil Nadu."
389,Yelagiri,Tamil Nadu,Yelagiri Community Museum,Museum,20,140,2.0,4.5,"Museum in Yelagiri, Tamil Nadu."
390,Hogenakkal,Tamil Nadu,Hogenakkal Heritage Walk,Heritage Site,100,1400,1.0,4.1,"Heritage Site in Hogenakkal, Tamil Nadu."
391,Pichavaram,Tamil Nadu,Pichavaram Viewpoint,Viewpoint,0,0,0.5,3.7,"Viewpoint in Pichavaram, Tamil Nadu."
392,Pichavaram,Tamil Nadu,Pichavaram Heritage Walk,Heritage Site,30,420,2.0,4.2,"Heritage Site in Pichavaram, Tamil Nadu."
393,Kanchipuram,Tamil Nadu,Kanchipuram Heritage Walk,Heritage Site,100,800,3.0,4.3,"Heritage Site in Kanchipuram, Tamil Nadu."
394,Kanchipuram,Tamil Nadu,Kanchipuram Viewpoint,Viewpoint,0,0,1.0,4.0,"Viewpoint in Kanchipuram, Tamil Nadu."
395,Velankanni,Tamil Nadu,Velankanni Viewpoint,Viewpoint,0,0,2.5,4.0,"Viewpoint in Velankanni, Tamil Nadu."
396,Dhanushkodi,Tamil Nadu,Dhanushkodi Local Market,Market,30,30,1.5,4.7,"Market in Dhanushkodi, Tamil Nadu."
397,Dhanushkodi,Tamil Nadu,Dhanushkodi Community Museum,Museum,30,240,0.5,4.4,"Museum in Dhanushkodi, Tamil Nadu."
398,Puducherry,Puducherry,Sri Aurobindo Ashram,Heritage Site,250,3250,2.0,4.1,"Heritage Site in Puducherry, Puducherry."
399,Puducherry,Puducherry,Promenade Beach,Beach,0,0,1.5,4.4,"Beach in Puducherry, Puducherry."
400,Auroville,Puducherry,Auroville Heritage Walk,Heritage Site,40,440,0.5,3.7,"Heritage Site in Auroville, Puducherry."
401,Auroville,Puducherry,Auroville Old Town,Heritage Site,40,400,2.5,4.9,"Heritage Site in Auroville, Puducherry."
402,Visakhapatnam,Andhra Pradesh,Visakhapatnam Local Market,Market,20,20,0.5,4.2,"Market in Visakhapatnam, Andhra Pradesh."
403,Visakhapatnam,Andhra Pradesh,Visakhapatnam Old Town,Heritage Site,30,420,2.0,3.8,"Heritage Site in Visakhapatnam, Andhra Pradesh."
404,Araku Valley,Andhra Pradesh,Araku Valley Old Town,Heritage Site,50,450,1.0,4.7,"Heritage Site in Araku Valley, Andhra Pradesh."
405,Vijayawada,Andhra Pradesh,Vijayawada Local Market,Market,30,30,1.0,3.5,"Market in Vijayawada, Andhra Pradesh."
406,Tirupati,Andhra Pradesh,Tirumala Venkateswara Temple,Temple,0,0,1.0,4.0,"Temple in Tirupati, Andhra Pradesh."
407,Lepakshi,Andhra Pradesh,Lepakshi Community Museum,Museum,50,350,2.5,4.7,"Museum in Lepakshi, Andhra Pradesh."
408,Lepakshi,Andhra Pradesh,Lepakshi Old Town,Heritage Site,100,900,2.0,4.9,"Heritage Site in Lepakshi, Andhra Pradesh."
409,Srisailam,Andhra Pradesh,Srisailam Community Museum,Museum,20,160,1.5,4.8,"Museum in Srisailam, Andhra Pradesh."
410,Srisailam,Andhra Pradesh,Srisailam Viewpoint,Viewpoint,0,0,3.0,4.0,"Viewpoint in Srisailam, Andhra Pradesh."
411,Amaravati,Andhra Pradesh,Amaravati Local Market,Market,0,0,3.0,4.4,"Market in Amaravati, Andhra Pradesh."
412,Amaravati,Andhra Pradesh,Amaravati Old Town,Heritage Site,100,800,1.0,3.4,"Heritage Site in Amaravati, Andhra Pradesh."
413,Hyderabad,Telangana,Charminar,Monument,250,3500,0.5,4.4,"Monument in Hyderabad, Telangana."
414,Hyderabad,Telangana,Golconda Fort,Fort,250,3000,1.0,3.7,"Fort in Hyderabad, Telangana."
415,Hyderabad,Telangana,Ramoji Film City,Theme Park,1200,1200,3.0,4.0,"Theme Park in Hyderabad, Telangana."
416,Warangal,Telangana,Warangal Community Museum,Museum,20,160,1.0,4.4,"Museum in Warangal, Telangana."
417,Warangal,Telangana,Warangal Local Market,Market,30,30,1.0,4.3,"Market in Warangal, Telangana."
418,Nagarjuna Sagar,Telangana,Nagarjuna Sagar Old Town,Heritage Site,30,420,0.5,4.2,"Heritage Site in Nagarjuna Sagar, Telangana."
419,Nagarjuna Sagar,Telangana,Nagarjuna Sagar Local Market,Market,30,30,2.0,4.2,"Market in Nagarjuna Sagar, Telangana."
420,Bhongir,Telangana,Bhongir Community Museum,Museum,50,450,2.5,4.5,"Museum in Bhongir, Telangana."
421,Khammam,Telangana,Khammam Heritage Walk,Heritage Site,250,3000,0.5,4.7,"Heritage Site in Khammam, Telangana."
422,Khammam,Telangana,Khammam Community Museum,Museum,20,160,2.5,4.7,"Museum in Khammam, Telangana."
423,Nizamabad,Telangana,Nizamabad Viewpoint,Viewpoint,0,0,0.5,3.8,"Viewpoint in Nizamabad, Telangana."
424,Nizamabad,Telangana,Nizamabad Heritage Walk,Heritage Site,250,2750,2.0,4.4,"Heritage Site in Nizamabad, Telangana."
425,Adilabad,Telangana,Adilabad Old Town,Heritage Site,50,650,3.0,4.8,"Heritage Site in Adilabad, Telangana."
426,Kolkata,West Bengal,Victoria Memorial,Monument,40,520,1.0,3.8,"Monument in Kolkata, West Bengal."
427,Kolkata,West Bengal,Howrah Bridge,Landmark,20,20,1.0,4.0,"Landmark in Kolkata, West Bengal."
428,Darjeeling,West Bengal,Tiger Hill,Viewpoint,30,30,0.5,3.9,"Viewpoint in Darjeeling, West Bengal."
429,Darjeeling,West Bengal,Darjeeling Himalayan Railway,Heritage Site,250,2500,1.0,3.6,"Heritage Site in Darjeeling, West Bengal."
430,Kalimpong,West Bengal,Kalimpong Old Town,Heritage Site,40,520,0.5,4.6,"Heritage Site in Kalimpong, West Bengal."
431,Kalimpong,West Bengal,Kalimpong Local Market,Market,0,0,2.5,4.0,"Market in Kalimpong, West Bengal."
432,Sundarbans,West Bengal,Sundarbans Heritage Walk,Heritage Site,40,360,2.0,3.9,"Heritage Site in Sundarbans, West Bengal."
433,Sundarbans,West Bengal,Sundarbans Local Market,Market,0,0,1.0,4.7,"Market in Sundarbans, West Bengal."
434,Digha,West Bengal,Digha Beach,Beach,30,30,0.5,4.2,"Beach in Digha, West Bengal."
435,Shantiniketan,West Bengal,Shantiniketan Viewpoint,Viewpoint,30,30,1.5,4.1,"Viewpoint in Shantiniketan, West Bengal."
436,Shantiniketan,West Bengal,Shantiniketan Local Market,Market,30,30,2.0,3.5,"Market in Shantiniketan, West Bengal."
437,Mirik,West Bengal,Mirik Local Market,Market,0,0,1.5,4.6,"Market in Mirik, West Bengal."
438,Murshidabad,West Bengal,Murshidabad Community Museum,Museum,30,240,1.5,4.6,"Museum in Murshidabad, West Bengal."
439,Siliguri,West Bengal,Siliguri Community Museum,Museum,20,160,2.0,4.3,"Museum in Siliguri, West Bengal."
440,Siliguri,West Bengal,Siliguri Viewpoint,Viewpoint,0,0,2.5,4.8,"Viewpoint in Siliguri, West Bengal."
441,Kurseong,West Bengal,Kurseong Old Town,Heritage Site,100,1300,0.5,4.1,"Heritage Site in Kurseong, West Bengal."
442,Bakkhali,West Bengal,Bakkhali Heritage Walk,Heritage Site,250,3000,0.5,3.8,"Heritage Site in Bakkhali, West Bengal."
443,Jaldapara,West Bengal,Jaldapara Viewpoint,Viewpoint,0,0,2.0,3.7,"Viewpoint in Jaldapara, West Bengal."
444,Lataguri,West Bengal,Lataguri Old Town,Heritage Site,30,300,0.5,4.2,"Heritage Site in Lataguri, West Bengal."
445,Gangtok,Sikkim,MG Marg,Landmark,0,0,2.0,4.4,"Landmark in Gangtok, Sikkim."
446,Gangtok,Sikkim,Tsomgo Lake,Lake,30,30,1.5,4.5,"Lake in Gangtok, Sikkim."
447,Pelling,Sikkim,Pelling Old Town,Heritage Site,100,1300,2.5,4.6,"Heritage Site in Pelling, Sikkim."
448,Lachung,Sikkim,Lachung Old Town,Heritage Site,30,300,1.5,4.0,"Heritage Site in Lachung, Sikkim."
449,Lachung,Sikkim,Lachung Community Museum,Museum,50,400,3.0,4.2,"Museum in Lachung, Sikkim."
450,Lachen,Sikkim,Lachen Viewpoint,Viewpoint,20,20,1.0,4.6,"Viewpoint in Lachen, Sikkim."
451,Yumthang Valley,Sikkim,Yumthang Valley Community Museum,Museum,50,450,3.0,4.4,"Museum in Yumthang Valley, Sikkim."
452,Namchi,Sikkim,Namchi Old Town,Heritage Site,50,550,1.0,4.7,"Heritage Site in Namchi, Sikkim."
453,Namchi,Sikkim,Namchi Local Market,Market,0,0,1.0,3.6,"Market in Namchi, Sikkim."
454,Ravangla,Sikkim,Ravangla Community Museum,Museum,20,160,3.0,4.3,"Museum in Ravangla, Sikkim."
455,Zuluk,Sikkim,Zuluk Local Market,Market,20,20,1.0,4.0,"Market in Zuluk, Sikkim."
456,Zuluk,Sikkim,Zuluk Viewpoint,Viewpoint,0,0,1.5,4.5,"Viewpoint in Zuluk, Sikkim."
457,Tsomgo Lake,Sikkim,Tsomgo Lake Community Museum,Museum,20,120,2.5,4.0,"Museum in Tsomgo Lake, Sikkim."
458,Tsomgo Lake,Sikkim,Tsomgo Lake Heritage Walk,Heritage Site,30,270,1.0,4.4,"Heritage Site in Tsomgo Lake, Sikkim."
459,Puri,Odisha,Jagannath Temple,Temple,0,0,1.0,4.2,"Temple in Puri, Odisha."
460,Puri,Odisha,Puri Beach,Beach,30,30,3.0,4.3,"Beach in Puri, Odisha."
461,Konark,Odisha,Konark Sun Temple,Temple,0,0,2.5,4.5,"Temple in Konark, Odisha."
462,Bhubaneswar,Odisha,Bhubaneswar Community Museum,Museum,30,150,1.5,4.4,"Museum in Bhubaneswar, Odisha."
463,Chilika Lake,Odisha,Chilika Lake Local Market,Market,0,0,1.0,3.6,"Market in Chilika Lake, Odisha."
464,Chilika Lake,Odisha,Chilika Lake Old Town,Heritage Site,50,700,1.0,4.5,"Heritage Site in Chilika Lake, Odisha."
465,Gopalpur,Odisha,Gopalpur Local Market,Market,0,0,3.0,5.0,"Market in Gopalpur, Odisha."
466,Gopalpur,Odisha,Gopalpur Viewpoint,Viewpoint,0,0,0.5,4.2,"Viewpoint in Gopalpur, Odisha."
467,Similipal,Odisha,Similipal Community Museum,Museum,30,180,1.0,4.1,"Museum in Similipal, Odisha."
468,Bhitarkanika,Odisha,Bhitarkanika Heritage Walk,Heritage Site,30,300,2.5,3.8,"Heritage Site in Bhitarkanika, Odisha."
469,Daringbadi,Odisha,Daringbadi Heritage Walk,Heritage Site,50,550,3.0,4.5,"Heritage Site in Daringbadi, Odisha."
470,Bodh Gaya,Bihar,Mahabodhi Temple,Temple,0,0,0.5,4.0,"Temple in Bodh Gaya, Bihar."
471,Patna,Bihar,Patna Viewpoint,Viewpoint,20,20,2.0,3.9,"Viewpoint in Patna, Bihar."
472,Nalanda,Bihar,Nalanda University Ruins,Heritage Site,40,400,0.5,4.3,"Heritage Site in Nalanda, Bihar."
473,Rajgir,Bihar,Rajgir Old Town,Heritage Site,250,3000,0.5,4.3,"Heritage Site in Rajgir, Bihar."
474,Rajgir,Bihar,Rajgir Community Museum,Museum,50,400,0.5,4.4,"Museum in Rajgir, Bihar."
475,Vaishali,Bihar,Vaishali Community Museum,Museum,50,350,0.5,4.2,"Museum in Vaishali, Bihar."
476,Gaya,Bihar,Gaya Heritage Walk,Heritage Site,50,400,2.0,3.8,"Heritage Site in Gaya, Bihar."
477,Munger,Bihar,Munger Community Museum,Museum,20,120,1.0,3.5,"Museum in Munger, Bihar."
478,Bhagalpur,Bihar,Bhagalpur Viewpoint,Viewpoint,20,20,2.5,4.3,"Viewpoint in Bhagalpur, Bihar."
479,Sasaram,Bihar,Sasaram Viewpoint,Viewpoint,0,0,2.5,4.3,"Viewpoint in Sasaram, Bihar."
480,Ranchi,Jharkhand,Ranchi Community Museum,Museum,20,140,0.5,4.1,"Museum in Ranchi, Jharkhand."
481,Ranchi,Jharkhand,Ranchi Heritage Walk,Heritage Site,50,450,3.0,4.5,"Heritage Site in Ranchi, Jharkhand."
482,Netarhat,Jharkhand,Netarhat Viewpoint,Viewpoint,0,0,3.0,3.1,"Viewpoint in Netarhat, Jharkhand."
483,Netarhat,Jharkhand,Netarhat Community Museum,Museum,50,350,3.0,4.6,"Museum in Netarhat, Jharkhand."
484,Deoghar,Jharkhand,Deoghar Heritage Walk,Heritage Site,50,450,1.5,4.4,"Heritage Site in Deoghar, Jharkhand."
485,Deoghar,Jharkhand,Deoghar Community Museum,Museum,50,450,1.5,3.8,"Museum in Deoghar, Jharkhand."
486,Jamshedpur,Jharkhand,Jamshedpur Community Museum,Museum,30,180,1.5,3.5,"Museum in Jamshedpur, Jharkhand."
487,Guwahati,Assam,Guwahati Old Town,Heritage Site,40,400,1.0,4.6,"Heritage Site in Guwahati, Assam."
488,Kaziranga,Assam,Kaziranga National Park,Wildlife Park,200,1400,2.5,4.5,"Wildlife Park in Kaziranga, Assam."
489,Majuli,Assam,Majuli Old Town,Heritage Site,40,480,2.5,4.3,"Heritage Site in Majuli, Assam."
490,Majuli,Assam,Majuli Heritage Walk,Heritage Site,250,2000,1.5,4.9,"Heritage Site in Majuli, Assam."
491,Dibrugarh,Assam,Dibrugarh Old Town,Heritage Site,30,330,1.0,4.4,"Heritage Site in Dibrugarh, Assam."
492,Sivasagar,Assam,Sivasagar Old Town,Heritage Site,100,1200,2.5,4.2,"Heritage Site in Sivasagar, Assam."
493,Sivasagar,Assam,Sivasagar Local Market,Market,20,20,3.0,4.0,"Market in Sivasagar, Assam."
494,Jorhat,Assam,Jorhat Local Market,Market,30,30,1.0,4.5,"Market in Jorhat, Assam."
495,Jorhat,Assam,Jorhat Old Town,Heritage Site,100,1200,0.5,4.6,"Heritage Site in Jorhat, Assam."
496,Tezpur,Assam,Tezpur Old Town,Heritage Site,250,2000,1.0,4.4,"Heritage Site in Tezpur, Assam."
497,Tezpur,Assam,Tezpur Heritage Walk,Heritage Site,250,2500,3.0,4.3,"Heritage Site in Tezpur, Assam."
498,Manas National Park,Assam,Manas National Park Old Town,Heritage Site,100,1100,0.5,4.5,"Heritage Site in Manas National Park, Assam."
499,Manas National Park,Assam,Manas National Park Heritage Walk,Heritage Site,250,2250,0.5,4.7,"Heritage Site in Manas National Park, Assam."
500,Shillong,Meghalaya,Elephant Falls,Waterfall,0,0,1.0,4.7,"Waterfall in Shillong, Meghalaya."
501,Shillong,Meghalaya,Ward's Lake,Lake,0,0,2.5,4.7,"Lake in Shillong, Meghalaya."
502,Cherrapunji,Meghalaya,Nohkalikai Falls,Waterfall,30,30,1.5,3.8,"Waterfall in Cherrapunji, Meghalaya."
503,Cherrapunji,Meghalaya,Living Root Bridges,Landmark,0,0,1.5,4.6,"Landmark in Cherrapunji, Meghalaya."
504,Mawlynnong,Meghalaya,Mawlynnong Old Town,Heritage Site,50,400,2.5,4.4,"Heritage Site in Mawlynnong, Meghalaya."
505,Mawlynnong,Meghalaya,Mawlynnong Heritage Walk,Heritage Site,250,3500,1.0,4.2,"Heritage Site in Mawlynnong, Meghalaya."
506,Dawki,Meghalaya,Dawki Heritage Walk,Heritage Site,30,270,3.0,4.4,"Heritage Site in Dawki, Meghalaya."
507,Dawki,Meghalaya,Dawki Community Museum,Museum,20,180,1.5,4.4,"Museum in Dawki, Meghalaya."
508,Nongriat,Meghalaya,Nongriat Old Town,Heritage Site,40,520,1.0,4.2,"Heritage Site in Nongriat, Meghalaya."
509,Jowai,Meghalaya,Jowai Community Museum,Museum,20,160,3.0,3.9,"Museum in Jowai, Meghalaya."
510,Jowai,Meghalaya,Jowai Heritage Walk,Heritage Site,50,550,1.5,3.6,"Heritage Site in Jowai, Meghalaya."
511,Tawang,Arunachal Pradesh,Tawang Viewpoint,Viewpoint,0,0,1.0,3.7,"Viewpoint in Tawang, Arunachal Pradesh."
512,Tawang,Arunachal Pradesh,Tawang Old Town,Heritage Site,250,2000,2.5,4.2,"Heritage Site in Tawang, Arunachal Pradesh."
513,Ziro Valley,Arunachal Pradesh,Ziro Valley Viewpoint,Viewpoint,20,20,0.5,4.2,"Viewpoint in Ziro Valley, Arunachal Pradesh."
514,Ziro Valley,Arunachal Pradesh,Ziro Valley Old Town,Heritage Site,50,450,3.0,3.8,"Heritage Site in Ziro Valley, Arunachal Pradesh."
515,Bomdila,Arunachal Pradesh,Bomdila Viewpoint,Viewpoint,20,20,3.0,4.1,"Viewpoint in Bomdila, Arunachal Pradesh."
516,Itanagar,Arunachal Pradesh,Itanagar Viewpoint,Viewpoint,20,20,3.0,4.2,"Viewpoint in Itanagar, Arunachal Pradesh."
517,Itanagar,Arunachal Pradesh,Itanagar Old Town,Heritage Site,250,2000,2.5,4.3,"Heritage Site in Itanagar, Arunachal Pradesh."
518,Imphal,Manipur,Imphal Old Town,Heritage Site,50,600,3.0,4.4,"Heritage Site in Imphal, Manipur."
519,Loktak Lake,Manipur,Loktak Lake Heritage Walk,Heritage Site,40,360,2.5,3.7,"Heritage Site in Loktak Lake, Manipur."
520,Loktak Lake,Manipur,Loktak Lake Old Town,Heritage Site,30,390,3.0,3.8,"Heritage Site in Loktak Lake, Manipur."
521,Moirang,Manipur,Moirang Community Museum,Museum,50,300,3.0,4.2,"Museum in Moirang, Manipur."
522,Moirang,Manipur,Moirang Local Market,Market,30,30,2.5,3.7,"Market in Moirang, Manipur."
523,Aizawl,Mizoram,Aizawl Old Town,Heritage Site,50,400,2.0,3.9,"Heritage Site in Aizawl, Mizoram."
524,Reiek,Mizoram,Reiek Old Town,Heritage Site,40,400,3.0,4.6,"Heritage Site in Reiek, Mizoram."
525,Champhai,Mizoram,Champhai Old Town,Heritage Site,50,700,0.5,4.8,"Heritage Site in Champhai, Mizoram."
526,Champhai,Mizoram,Champhai Local Market,Market,20,20,2.0,3.8,"Market in Champhai, Mizoram."
527,Kohima,Nagaland,Kohima Heritage Walk,Heritage Site,40,360,1.5,4.3,"Heritage Site in Kohima, Nagaland."
528,Kohima,Nagaland,Kohima Local Market,Market,0,0,1.0,4.4,"Market in Kohima, Nagaland."
529,Dimapur,Nagaland,Dimapur Viewpoint,Viewpoint,0,0,3.0,4.3,"Viewpoint in Dimapur, Nagaland."
530,Mon,Nagaland,Mon Old Town,Heritage Site,40,520,1.0,4.2,"Heritage Site in Mon, Nagaland."
531,Mon,Nagaland,Mon Viewpoint,Viewpoint,30,30,1.0,4.4,"Viewpoint in Mon, Nagaland."
532,Wokha,Nagaland,Wokha Old Town,Heritage Site,250,3250,2.5,3.9,"Heritage Site in Wokha, Nagaland."
533,Zunheboto,Nagaland,Zunheboto Old Town,Heritage Site,40,320,2.0,4.6,"Heritage Site in Zunheboto, Nagaland."
534,Agartala,Tripura,Agartala Old Town,Heritage Site,40,480,1.5,3.6,"Heritage Site in Agartala, Tripura."
535,Unakoti,Tripura,Unakoti Local Market,Market,0,0,2.5,3.9,"Market in Unakoti, Tripura."
536,Unakoti,Tripura,Unakoti Community Museum,Museum,50,450,0.5,4.9,"Museum in Unakoti, Tripura."
537,Neermahal,Tripura,Neermahal Viewpoint,Viewpoint,0,0,2.5,4.2,"Viewpoint in Neermahal, Tripura."
538,Neermahal,Tripura,Neermahal Heritage Walk,Heritage Site,40,520,1.0,3.9,"Heritage Site in Neermahal, Tripura."
539,Port Blair,Andaman and Nicobar Islands,Cellular Jail,Monument,250,3250,3.0,4.1,"Monument in Port Blair, Andaman and Nicobar Islands."
540,Port Blair,Andaman and Nicobar Islands,Ross Island,Heritage Site,30,330,3.0,4.9,"Heritage Site in Port Blair, Andaman and Nicobar Islands."
541,Havelock Island,Andaman and Nicobar Islands,Radhanagar Beach,Beach,0,0,2.5,3.9,"Beach in Havelock Island, Andaman and Nicobar Islands."
542,Neil Island,Andaman and Nicobar Islands,Neil Island Local Market,Market,30,30,0.5,4.2,"Market in Neil Island, Andaman and Nicobar Islands."
543,Ross Island,Andaman and Nicobar Islands,Ross Island Local Market,Market,20,20,0.5,3.9,"Market in Ross Island, Andaman and Nicobar Islands."
544,Baratang,Andaman and Nicobar Islands,Baratang Community Museum,Museum,50,250,1.5,4.4,"Museum in Baratang, Andaman and Nicobar Islands."
545,Kavaratti,Lakshadweep,Kavaratti Viewpoint,Viewpoint,0,0,2.0,3.9,"Viewpoint in Kavaratti, Lakshadweep."
546,Kavaratti,Lakshadweep,Kavaratti Heritage Walk,Heritage Site,30,330,1.5,3.9,"Heritage Site in Kavaratti, Lakshadweep."
547,Agatti,Lakshadweep,Agatti Old Town,Heritage Site,250,2500,3.0,3.6,"Heritage Site in Agatti, Lakshadweep."
548,Bangaram,Lakshadweep,Bangaram Old Town,Heritage Site,40,480,0.5,4.2,"Heritage Site in Bangaram, Lakshadweep."
549,Bangaram,Lakshadweep,Bangaram Viewpoint,Viewpoint,20,20,2.5,4.2,"Viewpoint in Bangaram, Lakshadweep."
550,Amritsar,Punjab,Golden Temple,Temple,0,0,1.5,4.1,"Temple in Amritsar, Punjab."
551,Amritsar,Punjab,Jallianwala Bagh,Monument,40,520,2.5,4.3,"Monument in Amritsar, Punjab."
552,Amritsar,Punjab,Wagah Border,Landmark,0,0,3.0,3.7,"Landmark in Amritsar, Punjab."
553,Chandigarh,Punjab,Chandigarh Community Museum,Museum,50,450,1.5,4.1,"Museum in Chandigarh, Punjab."
554,Chandigarh,Punjab,Chandigarh Viewpoint,Viewpoint,30,30,2.5,4.3,"Viewpoint in Chandigarh, Punjab."
555,Patiala,Punjab,Patiala Old Town,Heritage Site,250,3000,1.5,4.0,"Heritage Site in Patiala, Punjab."
556,Ludhiana,Punjab,Ludhiana Old Town,Heritage Site,40,360,2.5,3.7,"Heritage Site in Ludhiana, Punjab."
557,Ludhiana,Punjab,Ludhiana Local Market,Market,30,30,0.5,4.6,"Market in Ludhiana, Punjab."
558,Anandpur Sahib,Punjab,Anandpur Sahib Old Town,Heritage Site,100,1100,3.0,3.9,"Heritage Site in Anandpur Sahib, Punjab."
559,Anandpur Sahib,Punjab,Anandpur Sahib Community Museum,Museum,50,400,2.0,3.9,"Museum in Anandpur Sahib, Punjab."
560,Bathinda,Punjab,Bathinda Local Market,Market,0,0,2.5,5.0,"Market in Bathinda, Punjab."
561,Ferozepur,Punjab,Ferozepur Heritage Walk,Heritage Site,40,400,2.5,4.0,"Heritage Site in Ferozepur, Punjab."
562,Fazilka,Punjab,Fazilka Community Museum,Museum,50,300,1.5,4.8,"Museum in Fazilka, Punjab."
563,Kapurthala,Punjab,Kapurthala Local Market,Market,0,0,1.0,4.6,"Market in Kapurthala, Punjab."
564,Kurukshetra,Haryana,Kurukshetra Heritage Walk,Heritage Site,250,3500,3.0,4.2,"Heritage Site in Kurukshetra, Haryana."
565,Kurukshetra,Haryana,Kurukshetra Viewpoint,Viewpoint,20,20,2.0,4.2,"Viewpoint in Kurukshetra, Haryana."
566,Panipat,Haryana,Panipat Viewpoint,Viewpoint,20,20,0.5,4.3,"Viewpoint in Panipat, Haryana."
567,Pinjore,Haryana,Pinjore Viewpoint,Viewpoint,0,0,0.5,4.3,"Viewpoint in Pinjore, Haryana."
568,Pinjore,Haryana,Pinjore Heritage Walk,Heritage Site,30,330,2.0,4.7,"Heritage Site in Pinjore, Haryana."
569,Surajkund,Haryana,Surajkund Community Museum,Museum,20,100,1.0,4.1,"Museum in Surajkund, Haryana."
570,Surajkund,Haryana,Surajkund Local Market,Market,30,30,1.5,4.1,"Market in Surajkund, Haryana."
571,Kaithal,Haryana,Kaithal Heritage Walk,Heritage Site,50,600,3.0,4.9,"Heritage Site in Kaithal, Haryana."
572,Kaithal,Haryana,Kaithal Local Market,Market,30,30,2.5,3.9,"Market in Kaithal, Haryana."
573,Sohna,Haryana,Sohna Old Town,Heritage Site,250,3000,1.5,4.5,"Heritage Site in Sohna, Haryana."
574,New Delhi,Delhi,Red Fort,Fort,250,2500,1.0,4.5,"Fort in New Delhi, Delhi."
575,New Delhi,Delhi,India Gate,Monument,100,1300,2.5,4.1,"Monument in New Delhi, Delhi."
576,New Delhi,Delhi,Qutub Minar,Monument,50,550,3.0,4.3,"Monument in New Delhi, Delhi."
577,New Delhi,Delhi,Humayun's Tomb,Monument,50,500,3.0,4.3,"Monument in New Delhi, Delhi."
578,Gurgaon,Delhi,Gurgaon Local Market,Market,0,0,2.5,4.5,"Market in Gurgaon, Delhi."
579,Gurgaon,Delhi,Gurgaon Old Town,Heritage Site,50,600,3.0,5.0,"Heritage Site in Gurgaon, Delhi."
580,Noida,Delhi,Noida Local Market,Market,20,20,2.5,4.3,"Market in Noida, Delhi."
581,Faridabad,Delhi,Faridabad Community Museum,Museum,30,150,0.5,4.8,"Museum in Faridabad, Delhi."
582,Faridabad,Delhi,Faridabad Local Market,Market,0,0,1.0,3.7,"Market in Faridabad, Delhi."
