destination_id,name,state,region,category,best_months,avg_summer_temp_c,avg_winter_temp_c,ideal_days,popularity_score,avg_daily_budget_inr,latitude,longitude,description
1,Jaipur,Rajasthan,West,Heritage,Oct-Mar,38,17,1,8,3208,27.3103,70.873,"Heritage destination in Rajasthan, known for its heritage appeal."
2,Udaipur,Rajasthan,West,Heritage,Oct-Mar,34,20,3,8,3329,27.328,75.731,"Heritage destination in Rajasthan, known for its heritage appeal."
3,Jodhpur,Rajasthan,West,Heritage,Oct-Mar,37,18,2,9,3574,24.5288,71.1001,"Heritage destination in Rajasthan, known for its heritage appeal."
4,Jaisalmer,Rajasthan,West,Desert,Oct-Mar,42,6,3,7,2577,23.166,74.118,"Desert destination in Rajasthan, known for its desert appeal."
5,Pushkar,Rajasthan,West,Pilgrimage,Oct-Mar,34,20,1,5,2492,27.8982,73.4644,"Pilgrimage destination in Rajasthan, known for its pilgrimage appeal."
6,Mount Abu,Rajasthan,West,Hill Station,"Mar-Jun, Sep-Nov",15,-1,3,6,2929,25.775,69.6405,"Hill Station destination in Rajasthan, known for its hill station appeal."
7,Bikaner,Rajasthan,West,Desert,Oct-Mar,39,9,4,6,2438,26.5653,69.8026,"Desert destination in Rajasthan, known for its desert appeal."
8,Ajmer,Rajasthan,West,Pilgrimage,Oct-Mar,32,17,2,6,2358,26.7445,74.3111,"Pilgrimage destination in Rajasthan, known for its pilgrimage appeal."
9,Chittorgarh,Rajasthan,West,Heritage,Oct-Mar,37,15,2,6,2829,29.4428,74.7615,"Heritage destination in Rajasthan, known for its heritage appeal."
10,Ranthambore,Rajasthan,West,Wildlife,"Nov-Jun (parks often shut Jul-Sep, monsoon)",37,15,3,6,2845,29.0806,76.0764,"Wildlife destination in Rajasthan, known for its wildlife appeal."
11,Bundi,Rajasthan,West,Heritage,Oct-Mar,36,21,2,3,1634,26.9074,70.7401,"Heritage destination in Rajasthan, known for its heritage appeal."
12,Alwar,Rajasthan,West,Heritage,Oct-Mar,32,22,3,3,1892,24.4308,69.5486,"Heritage destination in Rajasthan, known for its heritage appeal."
13,Sariska,Rajasthan,West,Wildlife,"Nov-Jun (parks often shut Jul-Sep, monsoon)",32,9,3,5,2445,27.3629,77.6514,"Wildlife destination in Rajasthan, known for its wildlife appeal."
14,Nathdwara,Rajasthan,West,Pilgrimage,Oct-Mar,40,20,1,6,2373,23.4576,72.2366,"Pilgrimage destination in Rajasthan, known for its pilgrimage appeal."
15,Mandawa,Rajasthan,West,Heritage,Oct-Mar,39,18,3,6,2603,29.3879,73.6555,"Heritage destination in Rajasthan, known for its heritage appeal."
16,Kumbhalgarh,Rajasthan,West,Heritage,Oct-Mar,36,16,1,7,2800,28.551,73.8454,"Heritage destination in Rajasthan, known for its heritage appeal."
17,Deshnoke,Rajasthan,West,Pilgrimage,Oct-Mar,40,23,2,6,2205,23.2263,75.1004,"Pilgrimage destination in Rajasthan, known for its pilgrimage appeal."
18,Sawai Madhopur,Rajasthan,West,Wildlife,"Nov-Jun (parks often shut Jul-Sep, monsoon)",33,12,3,7,2543,25.9548,76.1489,"Wildlife destination in Rajasthan, known for its wildlife appeal."
19,Bharatpur,Rajasthan,West,Wildlife,"Nov-Jun (parks often shut Jul-Sep, monsoon)",33,15,2,5,2021,29.6938,76.6115,"Wildlife destination in Rajasthan, known for its wildlife appeal."
20,Neemrana,Rajasthan,West,Heritage,Oct-Mar,40,18,2,6,2727,24.3433,77.3545,"Heritage destination in Rajasthan, known for its heritage appeal."
21,Nawalgarh,Rajasthan,West,Heritage,Oct-Mar,38,22,3,3,1630,27.6634,69.5046,"Heritage destination in Rajasthan, known for its heritage appeal."
22,Jhunjhunu,Rajasthan,West,Heritage,Oct-Mar,40,16,3,5,2194,24.5992,70.5548,"Heritage destination in Rajasthan, known for its heritage appeal."
23,Barmer,Rajasthan,West,Desert,Oct-Mar,41,13,4,5,2343,26.7353,75.6866,"Desert destination in Rajasthan, known for its desert appeal."
24,Pali,Rajasthan,West,Heritage,Oct-Mar,32,14,2,6,2310,28.0134,75.768,"Heritage destination in Rajasthan, known for its heritage appeal."
25,Sirohi,Rajasthan,West,Hill Station,"Mar-Jun, Sep-Nov",18,-4,3,5,2672,26.6193,69.953,"Hill Station destination in Rajasthan, known for its hill station appeal."
26,Dungarpur,Rajasthan,West,Heritage,Oct-Mar,36,14,1,5,2371,26.8227,73.4405,"Heritage destination in Rajasthan, known for its heritage appeal."
27,Banswara,Rajasthan,West,Heritage,Oct-Mar,37,20,3,5,2162,24.7436,76.5676,"Heritage destination in Rajasthan, known for its heritage appeal."
28,Kota,Rajasthan,West,Heritage,Oct-Mar,36,17,2,5,2463,28.7481,70.8263,"Heritage destination in Rajasthan, known for its heritage appeal."
29,Karauli,Rajasthan,West,Heritage,Oct-Mar,37,16,3,6,2137,26.6871,71.4932,"Heritage destination in Rajasthan, known for its heritage appeal."
30,Sikar,Rajasthan,West,Heritage,Oct-Mar,38,17,1,3,1696,26.7278,76.8718,"Heritage destination in Rajasthan, known for its heritage appeal."
31,Ranakpur,Rajasthan,West,Pilgrimage,Oct-Mar,40,22,2,4,1854,27.7519,76.6916,"Pilgrimage destination in Rajasthan, known for its pilgrimage appeal."
32,Osian,Rajasthan,West,Desert,Oct-Mar,38,9,2,4,2527,29.951,74.413,"Desert destination in Rajasthan, known for its desert appeal."
33,Deogarh,Rajasthan,West,Heritage,Oct-Mar,38,22,1,5,2385,29.096,77.0357,"Heritage destination in Rajasthan, known for its heritage appeal."
34,Churu,Rajasthan,West,Heritage,Oct-Mar,37,21,1,6,2188,24.1637,77.4073,"Heritage destination in Rajasthan, known for its heritage appeal."
35,Munnar,Kerala,South,Hill Station,"Mar-Jun, Sep-Nov",17,9,5,9,3290,11.2521,74.9127,"Hill Station destination in Kerala, known for its hill station appeal."
36,Alleppey,Kerala,South,Backwaters,Sep-Mar,28,23,3,8,3764,9.2316,76.6804,"Backwaters destination in Kerala, known for its backwaters appeal."
37,Kochi,Kerala,South,Urban,Nov-Feb,28,25,2,9,3490,11.1883,77.0231,"Urban destination in Kerala, known for its urban appeal."
38,Kumarakom,Kerala,South,Backwaters,Sep-Mar,27,22,4,5,2810,9.3521,76.3747,"Backwaters destination in Kerala, known for its backwaters appeal."
39,Thekkady,Kerala,South,Wildlife,"Nov-Jun (parks often shut Jul-Sep, monsoon)",35,11,3,5,2205,9.8104,76.5128,"Wildlife destination in Kerala, known for its wildlife appeal."
40,Wayanad,Kerala,South,Hill Station,"Mar-Jun, Sep-Nov",14,0,3,5,2643,11.7353,75.009,"Hill Station destination in Kerala, known for its hill station appeal."
41,Kovalam,Kerala,South,Beach,Oct-Mar,31,24,3,7,3338,12.2641,76.7693,"Beach destination in Kerala, known for its beach appeal."
42,Varkala,Kerala,South,Beach,Oct-Mar,32,25,2,7,3652,12.7095,75.0884,"Beach destination in Kerala, known for its beach appeal."
43,Thiruvananthapuram,Kerala,South,Urban,Nov-Feb,32,24,4,3,1653,8.9797,76.292,"Urban destination in Kerala, known for its urban appeal."
44,Kozhikode,Kerala,South,Urban,Nov-Feb,34,25,3,5,2297,8.647,76.4375,"Urban destination in Kerala, known for its urban appeal."
45,Bekal,Kerala,South,Beach,Oct-Mar,29,27,4,4,2894,11.6075,76.6425,"Beach destination in Kerala, known for its beach appeal."
46,Vagamon,Kerala,South,Hill Station,"Mar-Jun, Sep-Nov",19,2,3,4,2513,11.9265,77.0677,"Hill Station destination in Kerala, known for its hill station appeal."
47,Athirappilly,Kerala,South,Adventure,"Apr-Jun, Sep-Nov",20,1,5,3,2271,9.0937,75.0774,"Adventure destination in Kerala, known for its adventure appeal."
48,Kannur,Kerala,South,Beach,Oct-Mar,31,23,4,6,3326,10.217,76.5801,"Beach destination in Kerala, known for its beach appeal."
49,Kollam,Kerala,South,Backwaters,Sep-Mar,29,22,3,7,3635,12.1579,75.5256,"Backwaters destination in Kerala, known for its backwaters appeal."
50,Poovar,Kerala,South,Backwaters,Sep-Mar,28,27,4,5,2397,10.6023,76.825,"Backwaters destination in Kerala, known for its backwaters appeal."
51,Marari Beach,Kerala,South,Beach,Oct-Mar,31,24,2,6,3583,9.0941,75.9284,"Beach destination in Kerala, known for its beach appeal."
52,Idukki,Kerala,South,Hill Station,"Mar-Jun, Sep-Nov",16,2,3,4,2311,9.6856,76.888,"Hill Station destination in Kerala, known for its hill station appeal."
53,Silent Valley,Kerala,South,Wildlife,"Nov-Jun (parks often shut Jul-Sep, monsoon)",32,18,2,4,1715,12.6282,76.99,"Wildlife destination in Kerala, known for its wildlife appeal."
54,Palakkad,Kerala,South,Heritage,Nov-Feb,28,23,1,3,1578,8.9196,75.5256,"Heritage destination in Kerala, known for its heritage appeal."
55,Kasaragod,Kerala,South,Beach,Oct-Mar,28,25,2,3,2585,11.5943,76.2859,"Beach destination in Kerala, known for its beach appeal."
56,Nelliyampathy,Kerala,South,Hill Station,"Mar-Jun, Sep-Nov",19,8,5,5,2391,9.8375,76.7946,"Hill Station destination in Kerala, known for its hill station appeal."
57,Ponmudi,Kerala,South,Hill Station,"Mar-Jun, Sep-Nov",22,8,4,6,2483,8.3874,77.0387,"Hill Station destination in Kerala, known for its hill station appeal."
58,Shimla,Himachal Pradesh,North,Hill Station,"Mar-Jun, Sep-Nov",17,0,4,7,3154,31.7731,76.1889,"Hill Station destination in Himachal Pradesh, known for its hill station appeal."
59,Manali,Himachal Pradesh,North,Hill Station,"Mar-Jun, Sep-Nov",18,2,4,7,3588,32.9714,76.487,"Hill Station destination in Himachal Pradesh, known for its hill station appeal."
60,Dharamshala,Himachal Pradesh,North,Hill Station,"Mar-Jun, Sep-Nov",23,5,5,4,2300,31.9642,77.9255,"Hill Station destination in Himachal Pradesh, known for its hill station appeal."
61,McLeod Ganj,Himachal Pradesh,North,Hill Station,"Mar-Jun, Sep-Nov",21,2,4,3,2234,32.2456,78.3232,"Hill Station destination in Himachal Pradesh, known for its hill station appeal."
62,Kasauli,Himachal Pradesh,North,Hill Station,"Mar-Jun, Sep-Nov",15,-2,3,3,2200,32.7799,77.7282,"Hill Station destination in Himachal Pradesh, known for its hill station appeal."
63,Dalhousie,Himachal Pradesh,North,Hill Station,"Mar-Jun, Sep-Nov",14,-4,4,5,2351,30.6011,75.9426,"Hill Station destination in Himachal Pradesh, known for its hill station appeal."
64,Kufri,Himachal Pradesh,North,Adventure,"Apr-Jun, Sep-Nov",9,2,6,4,2637,30.6064,76.6845,"Adventure destination in Himachal Pradesh, known for its adventure appeal."
65,Chail,Himachal Pradesh,North,Hill Station,"Mar-Jun, Sep-Nov",23,5,4,4,2134,31.8385,77.9558,"Hill Station destination in Himachal Pradesh, known for its hill station appeal."
66,Kasol,Himachal Pradesh,North,Adventure,"Apr-Jun, Sep-Nov",9,2,6,7,2962,31.612,78.8898,"Adventure destination in Himachal Pradesh, known for its adventure appeal."
67,Kaza,Himachal Pradesh,North,Adventure,"Apr-Jun, Sep-Nov",11,-1,4,3,2232,32.0702,78.0876,"Adventure destination in Himachal Pradesh, known for its adventure appeal."
68,Sarahan,Himachal Pradesh,North,Hill Station,"Mar-Jun, Sep-Nov",17,-3,3,7,2914,32.3715,78.1157,"Hill Station destination in Himachal Pradesh, known for its hill station appeal."
69,Manikaran,Himachal Pradesh,North,Pilgrimage,Oct-Mar,36,12,2,3,1768,31.84,76.9247,"Pilgrimage destination in Himachal Pradesh, known for its pilgrimage appeal."
70,Bir,Himachal Pradesh,North,Adventure,"Apr-Jun, Sep-Nov",20,0,6,3,1894,33.1798,78.4803,"Adventure destination in Himachal Pradesh, known for its adventure appeal."
71,Palampur,Himachal Pradesh,North,Hill Station,"Mar-Jun, Sep-Nov",22,2,4,6,2938,32.2323,77.1247,"Hill Station destination in Himachal Pradesh, known for its hill station appeal."
72,Solan,Himachal Pradesh,North,Hill Station,"Mar-Jun, Sep-Nov",16,7,3,6,3023,32.5819,78.2914,"Hill Station destination in Himachal Pradesh, known for its hill station appeal."
73,Narkanda,Himachal Pradesh,North,Hill Station,"Mar-Jun, Sep-Nov",22,2,3,7,3157,30.5669,77.4684,"Hill Station destination in Himachal Pradesh, known for its hill station appeal."
74,Chamba,Himachal Pradesh,North,Hill Station,"Mar-Jun, Sep-Nov",18,-2,5,7,3021,30.7395,76.0862,"Hill Station destination in Himachal Pradesh, known for its hill station appeal."
75,Khajjiar,Himachal Pradesh,North,Hill Station,"Mar-Jun, Sep-Nov",23,5,3,7,3483,31.6357,76.3568,"Hill Station destination in Himachal Pradesh, known for its hill station appeal."
76,Nahan,Himachal Pradesh,North,Hill Station,"Mar-Jun, Sep-Nov",22,-3,5,4,2056,31.8886,76.393,"Hill Station destination in Himachal Pradesh, known for its hill station appeal."
77,Mandi,Himachal Pradesh,North,Heritage,Oct-Mar,41,4,2,6,2302,33.0323,77.6124,"Heritage destination in Himachal Pradesh, known for its heritage appeal."
78,Kalpa,Himachal Pradesh,North,Hill Station,"Mar-Jun, Sep-Nov",17,1,5,5,2802,32.0194,77.0424,"Hill Station destination in Himachal Pradesh, known for its hill station appeal."
79,Barot,Himachal Pradesh,North,Adventure,"Apr-Jun, Sep-Nov",17,-8,6,5,2604,31.5751,77.543,"Adventure destination in Himachal Pradesh, known for its adventure appeal."
80,Tirthan Valley,Himachal Pradesh,North,Adventure,"Apr-Jun, Sep-Nov",11,1,7,7,3770,32.5582,77.9155,"Adventure destination in Himachal Pradesh, known for its adventure appeal."
81,Jibhi,Himachal Pradesh,North,Hill Station,"Mar-Jun, Sep-Nov",22,7,3,3,2235,31.0484,78.875,"Hill Station destination in Himachal Pradesh, known for its hill station appeal."
82,Nainital,Uttarakhand,North,Hill Station,"Mar-Jun, Sep-Nov",18,1,3,5,2912,29.4084,79.9644,"Hill Station destination in Uttarakhand, known for its hill station appeal."
83,Mussoorie,Uttarakhand,North,Hill Station,"Mar-Jun, Sep-Nov",22,-3,5,3,1841,29.5246,80.9858,"Hill Station destination in Uttarakhand, known for its hill station appeal."
84,Rishikesh,Uttarakhand,North,Adventure,"Apr-Jun, Sep-Nov",13,-5,6,9,4351,31.2627,80.8596,"Adventure destination in Uttarakhand, known for its adventure appeal."
85,Haridwar,Uttarakhand,North,Pilgrimage,Oct-Mar,41,9,1,9,2927,30.5112,78.9201,"Pilgrimage destination in Uttarakhand, known for its pilgrimage appeal."
86,Dehradun,Uttarakhand,North,Urban,Oct-Mar,35,8,2,6,2864,30.6549,79.4227,"Urban destination in Uttarakhand, known for its urban appeal."
87,Auli,Uttarakhand,North,Adventure,"Apr-Jun, Sep-Nov",8,-6,7,7,3628,29.1553,80.6972,"Adventure destination in Uttarakhand, known for its adventure appeal."
88,Almora,Uttarakhand,North,Hill Station,"Mar-Jun, Sep-Nov",19,-3,5,7,3270,29.8711,80.7713,"Hill Station destination in Uttarakhand, known for its hill station appeal."
89,Ranikhet,Uttarakhand,North,Hill Station,"Mar-Jun, Sep-Nov",15,6,3,7,2713,29.7541,80.3559,"Hill Station destination in Uttarakhand, known for its hill station appeal."
90,Kausani,Uttarakhand,North,Hill Station,"Mar-Jun, Sep-Nov",14,6,3,4,2217,31.4158,80.4632,"Hill Station destination in Uttarakhand, known for its hill station appeal."
91,Lansdowne,Uttarakhand,North,Hill Station,"Mar-Jun, Sep-Nov",14,-3,3,5,2303,28.7383,77.8562,"Hill Station destination in Uttarakhand, known for its hill station appeal."
92,Ramnagar,Uttarakhand,North,Wildlife,"Nov-Jun (parks often shut Jul-Sep, monsoon)",30,13,2,7,3159,30.2552,80.2146,"Wildlife destination in Uttarakhand, known for its wildlife appeal."
93,Kedarnath,Uttarakhand,North,Pilgrimage,Oct-Mar,38,13,2,5,2079,29.9615,78.0391,"Pilgrimage destination in Uttarakhand, known for its pilgrimage appeal."
94,Badrinath,Uttarakhand,North,Pilgrimage,Oct-Mar,36,7,2,3,1840,30.4308,78.8178,"Pilgrimage destination in Uttarakhand, known for its pilgrimage appeal."
95,Gangotri,Uttarakhand,North,Pilgrimage,Oct-Mar,41,10,2,4,2012,30.8625,79.3686,"Pilgrimage destination in Uttarakhand, known for its pilgrimage appeal."
96,Yamunotri,Uttarakhand,North,Pilgrimage,Oct-Mar,34,9,1,5,2184,29.0752,77.6979,"Pilgrimage destination in Uttarakhand, known for its pilgrimage appeal."
97,Chopta,Uttarakhand,North,Adventure,"Apr-Jun, Sep-Nov",12,-6,5,4,2728,31.2288,79.6987,"Adventure destination in Uttarakhand, known for its adventure appeal."
98,Munsyari,Uttarakhand,North,Hill Station,"Mar-Jun, Sep-Nov",15,1,4,4,2394,30.2535,77.9094,"Hill Station destination in Uttarakhand, known for its hill station appeal."
99,Bhimtal,Uttarakhand,North,Hill Station,"Mar-Jun, Sep-Nov",15,-1,3,3,2183,29.8103,79.7151,"Hill Station destination in Uttarakhand, known for its hill station appeal."
100,Sattal,Uttarakhand,North,Hill Station,"Mar-Jun, Sep-Nov",16,-4,3,7,2827,31.2944,79.2732,"Hill Station destination in Uttarakhand, known for its hill station appeal."
101,Pithoragarh,Uttarakhand,North,Hill Station,"Mar-Jun, Sep-Nov",17,3,3,4,2383,29.6728,78.311,"Hill Station destination in Uttarakhand, known for its hill station appeal."
102,Joshimath,Uttarakhand,North,Adventure,"Apr-Jun, Sep-Nov",18,5,6,5,2843,29.9883,79.5882,"Adventure destination in Uttarakhand, known for its adventure appeal."
103,Jageshwar,Uttarakhand,North,Pilgrimage,Oct-Mar,39,11,1,5,2502,30.1427,80.9086,"Pilgrimage destination in Uttarakhand, known for its pilgrimage appeal."
104,Gopeshwar,Uttarakhand,North,Hill Station,"Mar-Jun, Sep-Nov",23,-2,5,7,2848,29.4801,78.2018,"Hill Station destination in Uttarakhand, known for its hill station appeal."
105,Srinagar,Jammu and Kashmir,North,Hill Station,"Mar-Jun, Sep-Nov",18,1,3,6,2841,32.8158,74.5285,"Hill Station destination in Jammu and Kashmir, known for its hill station appeal."
106,Gulmarg,Jammu and Kashmir,North,Adventure,"Apr-Jun, Sep-Nov",21,-1,4,8,3231,34.2985,75.0558,"Adventure destination in Jammu and Kashmir, known for its adventure appeal."
107,Pahalgam,Jammu and Kashmir,North,Hill Station,"Mar-Jun, Sep-Nov",21,9,5,7,2690,34.4708,73.969,"Hill Station destination in Jammu and Kashmir, known for its hill station appeal."
108,Sonamarg,Jammu and Kashmir,North,Hill Station,"Mar-Jun, Sep-Nov",16,8,5,4,2479,33.6282,75.241,"Hill Station destination in Jammu and Kashmir, known for its hill station appeal."
109,Jammu,Jammu and Kashmir,North,Pilgrimage,Oct-Mar,41,6,3,5,2516,33.5792,74.8642,"Pilgrimage destination in Jammu and Kashmir, known for its pilgrimage appeal."
110,Katra,Jammu and Kashmir,North,Pilgrimage,Oct-Mar,35,13,2,5,2180,32.5622,75.2748,"Pilgrimage destination in Jammu and Kashmir, known for its pilgrimage appeal."
111,Patnitop,Jammu and Kashmir,North,Hill Station,"Mar-Jun, Sep-Nov",23,2,3,3,1838,33.1187,74.0395,"Hill Station destination in Jammu and Kashmir, known for its hill station appeal."
112,Yusmarg,Jammu and Kashmir,North,Hill Station,"Mar-Jun, Sep-Nov",14,8,3,6,2750,33.9221,74.7592,"Hill Station destination in Jammu and Kashmir, known for its hill station appeal."
113,Doda,Jammu and Kashmir,North,Hill Station,"Mar-Jun, Sep-Nov",17,1,4,3,2051,33.2469,74.4749,"Hill Station destination in Jammu and Kashmir, known for its hill station appeal."
114,Anantnag,Jammu and Kashmir,North,Hill Station,"Mar-Jun, Sep-Nov",17,5,4,5,2475,34.7663,75.0115,"Hill Station destination in Jammu and Kashmir, known for its hill station appeal."
115,Baramulla,Jammu and Kashmir,North,Hill Station,"Mar-Jun, Sep-Nov",14,0,4,7,2833,32.9149,74.1214,"Hill Station destination in Jammu and Kashmir, known for its hill station appeal."
116,Kishtwar,Jammu and Kashmir,North,Adventure,"Apr-Jun, Sep-Nov",18,3,5,3,1912,33.6113,74.6208,"Adventure destination in Jammu and Kashmir, known for its adventure appeal."
117,Leh,Ladakh,North,Adventure,"Apr-Jun, Sep-Nov",11,-3,6,7,3332,35.787,79.6948,"Adventure destination in Ladakh, known for its adventure appeal."
118,Nubra Valley,Ladakh,North,Adventure,"Apr-Jun, Sep-Nov",13,-5,4,5,3083,34.8583,78.2077,"Adventure destination in Ladakh, known for its adventure appeal."
119,Pangong Lake,Ladakh,North,Adventure,"Apr-Jun, Sep-Nov",17,-8,4,6,2848,35.7816,78.9993,"Adventure destination in Ladakh, known for its adventure appeal."
120,Kargil,Ladakh,North,Adventure,"Apr-Jun, Sep-Nov",11,-10,7,3,2207,34.8168,79.255,"Adventure destination in Ladakh, known for its adventure appeal."
121,Zanskar,Ladakh,North,Adventure,"Apr-Jun, Sep-Nov",13,-6,5,5,3177,33.3864,78.4725,"Adventure destination in Ladakh, known for its adventure appeal."
122,Diskit,Ladakh,North,Adventure,"Apr-Jun, Sep-Nov",13,-9,7,4,2536,34.231,76.7078,"Adventure destination in Ladakh, known for its adventure appeal."
123,Turtuk,Ladakh,North,Adventure,"Apr-Jun, Sep-Nov",15,-9,7,3,1950,32.21,76.3251,"Adventure destination in Ladakh, known for its adventure appeal."
124,Agra,Uttar Pradesh,North,Heritage,Oct-Mar,41,9,3,8,2863,29.9419,83.3296,"Heritage destination in Uttar Pradesh, known for its heritage appeal."
125,Varanasi,Uttar Pradesh,North,Pilgrimage,Oct-Mar,35,8,3,6,2278,26.365,84.0484,"Pilgrimage destination in Uttar Pradesh, known for its pilgrimage appeal."
126,Lucknow,Uttar Pradesh,North,Heritage,Oct-Mar,39,11,3,3,1881,29.097,83.2885,"Heritage destination in Uttar Pradesh, known for its heritage appeal."
127,Mathura,Uttar Pradesh,North,Pilgrimage,Oct-Mar,38,8,3,5,2340,29.8011,79.4715,"Pilgrimage destination in Uttar Pradesh, known for its pilgrimage appeal."
128,Vrindavan,Uttar Pradesh,North,Pilgrimage,Oct-Mar,42,5,3,5,2333,27.4086,80.3906,"Pilgrimage destination in Uttar Pradesh, known for its pilgrimage appeal."
129,Fatehpur Sikri,Uttar Pradesh,North,Heritage,Oct-Mar,34,12,1,3,1693,27.3571,77.5996,"Heritage destination in Uttar Pradesh, known for its heritage appeal."
130,Ayodhya,Uttar Pradesh,North,Pilgrimage,Oct-Mar,41,6,3,5,2203,26.0633,82.5791,"Pilgrimage destination in Uttar Pradesh, known for its pilgrimage appeal."
131,Prayagraj,Uttar Pradesh,North,Pilgrimage,Oct-Mar,37,4,2,5,2444,24.8859,79.4379,"Pilgrimage destination in Uttar Pradesh, known for its pilgrimage appeal."
132,Sarnath,Uttar Pradesh,North,Pilgrimage,Oct-Mar,38,14,3,3,1505,27.6043,82.8184,"Pilgrimage destination in Uttar Pradesh, known for its pilgrimage appeal."
133,Jhansi,Uttar Pradesh,North,Heritage,Oct-Mar,34,9,2,7,2428,29.4019,78.0562,"Heritage destination in Uttar Pradesh, known for its heritage appeal."
134,Chitrakoot,Uttar Pradesh,North,Pilgrimage,Oct-Mar,41,11,1,7,2526,28.5946,82.5003,"Pilgrimage destination in Uttar Pradesh, known for its pilgrimage appeal."
135,Kanpur,Uttar Pradesh,North,Urban,Oct-Mar,36,6,3,5,2316,29.2742,84.2931,"Urban destination in Uttar Pradesh, known for its urban appeal."
136,Kushinagar,Uttar Pradesh,North,Pilgrimage,Oct-Mar,41,9,2,4,2268,24.8968,81.4967,"Pilgrimage destination in Uttar Pradesh, known for its pilgrimage appeal."
137,Shravasti,Uttar Pradesh,North,Pilgrimage,Oct-Mar,35,12,1,6,2569,24.5644,83.9906,"Pilgrimage destination in Uttar Pradesh, known for its pilgrimage appeal."
138,Ahmedabad,Gujarat,West,Heritage,Oct-Mar,36,21,1,4,2162,21.8224,68.6342,"Heritage destination in Gujarat, known for its heritage appeal."
139,Bhuj,Gujarat,West,Desert,Oct-Mar,40,13,2,5,2438,20.6209,74.4045,"Desert destination in Gujarat, known for its desert appeal."
140,Sasan Gir,Gujarat,West,Wildlife,"Nov-Jun (parks often shut Jul-Sep, monsoon)",33,14,2,3,1661,21.5326,69.6326,"Wildlife destination in Gujarat, known for its wildlife appeal."
141,Dwarka,Gujarat,West,Pilgrimage,Oct-Mar,36,22,1,3,1595,23.7238,72.0034,"Pilgrimage destination in Gujarat, known for its pilgrimage appeal."
142,Somnath,Gujarat,West,Pilgrimage,Oct-Mar,34,17,1,4,2251,21.6932,70.3858,"Pilgrimage destination in Gujarat, known for its pilgrimage appeal."
143,Diu,Gujarat,West,Beach,Oct-Mar,29,23,2,5,2515,24.2986,69.7638,"Beach destination in Gujarat, known for its beach appeal."
144,Vadodara,Gujarat,West,Heritage,Oct-Mar,40,20,2,7,3092,21.767,71.8577,"Heritage destination in Gujarat, known for its heritage appeal."
145,Saputara,Gujarat,West,Hill Station,"Mar-Jun, Sep-Nov",19,5,4,7,3176,24.5875,71.0916,"Hill Station destination in Gujarat, known for its hill station appeal."
146,Kevadia,Gujarat,West,Heritage,Oct-Mar,35,19,2,6,2526,20.9485,70.0875,"Heritage destination in Gujarat, known for its heritage appeal."
147,Junagadh,Gujarat,West,Heritage,Oct-Mar,38,16,3,5,2148,22.2539,72.1373,"Heritage destination in Gujarat, known for its heritage appeal."
148,Champaner,Gujarat,West,Heritage,Oct-Mar,39,16,2,3,1894,22.1851,71.5037,"Heritage destination in Gujarat, known for its heritage appeal."
149,Surat,Gujarat,West,Urban,Oct-Mar,32,15,3,5,2017,20.9369,73.6292,"Urban destination in Gujarat, known for its urban appeal."
150,Rajkot,Gujarat,West,Urban,Oct-Mar,38,16,3,4,2238,22.5223,73.2447,"Urban destination in Gujarat, known for its urban appeal."
151,Palitana,Gujarat,West,Pilgrimage,Oct-Mar,38,15,3,7,2674,22.6379,69.7995,"Pilgrimage destination in Gujarat, known for its pilgrimage appeal."
152,Porbandar,Gujarat,West,Beach,Oct-Mar,30,27,2,3,2479,20.9213,72.3123,"Beach destination in Gujarat, known for its beach appeal."
153,Modhera,Gujarat,West,Heritage,Oct-Mar,39,15,3,5,2562,24.4443,69.0888,"Heritage destination in Gujarat, known for its heritage appeal."
154,Lothal,Gujarat,West,Heritage,Oct-Mar,38,15,3,4,1751,21.0563,68.3672,"Heritage destination in Gujarat, known for its heritage appeal."
155,Mumbai,Maharashtra,West,Urban,Oct-Mar,34,17,2,9,3448,21.428,77.7855,"Urban destination in Maharashtra, known for its urban appeal."
156,Pune,Maharashtra,West,Urban,Oct-Mar,33,16,4,6,2747,17.8092,79.0228,"Urban destination in Maharashtra, known for its urban appeal."
157,Lonavala,Maharashtra,West,Hill Station,"Mar-Jun, Sep-Nov",22,-3,3,6,2633,21.8371,79.072,"Hill Station destination in Maharashtra, known for its hill station appeal."
158,Mahabaleshwar,Maharashtra,West,Hill Station,"Mar-Jun, Sep-Nov",14,5,4,5,2893,20.7191,76.1293,"Hill Station destination in Maharashtra, known for its hill station appeal."
159,Nashik,Maharashtra,West,Heritage,Oct-Mar,34,14,2,3,1771,19.6543,74.7405,"Heritage destination in Maharashtra, known for its heritage appeal."
160,Aurangabad,Maharashtra,West,Heritage,Oct-Mar,37,19,3,6,2224,21.3637,78.3371,"Heritage destination in Maharashtra, known for its heritage appeal."
161,Ajanta,Maharashtra,West,Heritage,Oct-Mar,36,24,2,4,2017,20.8163,76.7342,"Heritage destination in Maharashtra, known for its heritage appeal."
162,Ellora,Maharashtra,West,Heritage,Oct-Mar,33,14,1,3,1748,20.2093,73.4846,"Heritage destination in Maharashtra, known for its heritage appeal."
163,Alibaug,Maharashtra,West,Beach,Oct-Mar,32,23,2,5,3010,19.4433,78.1198,"Beach destination in Maharashtra, known for its beach appeal."
164,Matheran,Maharashtra,West,Hill Station,"Mar-Jun, Sep-Nov",20,5,3,3,1963,18.0521,76.907,"Hill Station destination in Maharashtra, known for its hill station appeal."
165,Khandala,Maharashtra,West,Hill Station,"Mar-Jun, Sep-Nov",15,7,4,5,2342,16.1782,78.9992,"Hill Station destination in Maharashtra, known for its hill station appeal."
166,Shirdi,Maharashtra,West,Pilgrimage,Oct-Mar,36,24,3,6,2664,17.5016,77.3012,"Pilgrimage destination in Maharashtra, known for its pilgrimage appeal."
167,Kolhapur,Maharashtra,West,Heritage,Oct-Mar,33,20,3,7,2736,17.3274,77.0807,"Heritage destination in Maharashtra, known for its heritage appeal."
168,Panchgani,Maharashtra,West,Hill Station,"Mar-Jun, Sep-Nov",16,-2,5,3,2010,19.4198,75.3742,"Hill Station destination in Maharashtra, known for its hill station appeal."
169,Tadoba,Maharashtra,West,Wildlife,"Nov-Jun (parks often shut Jul-Sep, monsoon)",31,13,2,3,1672,18.2419,78.4509,"Wildlife destination in Maharashtra, known for its wildlife appeal."
170,Lavasa,Maharashtra,West,Hill Station,"Mar-Jun, Sep-Nov",21,5,3,5,2835,20.7163,78.366,"Hill Station destination in Maharashtra, known for its hill station appeal."
171,Ratnagiri,Maharashtra,West,Beach,Oct-Mar,29,24,4,7,3136,21.4708,73.7356,"Beach destination in Maharashtra, known for its beach appeal."
172,Ganpatipule,Maharashtra,West,Beach,Oct-Mar,29,21,4,3,2060,19.0682,79.8455,"Beach destination in Maharashtra, known for its beach appeal."
173,Igatpuri,Maharashtra,West,Hill Station,"Mar-Jun, Sep-Nov",21,0,3,7,3344,21.0349,74.6722,"Hill Station destination in Maharashtra, known for its hill station appeal."
174,Nagpur,Maharashtra,West,Urban,Oct-Mar,40,24,3,3,1983,15.8523,78.4563,"Urban destination in Maharashtra, known for its urban appeal."
175,Bhandardara,Maharashtra,West,Hill Station,"Mar-Jun, Sep-Nov",20,-4,5,4,2346,21.4591,72.8818,"Hill Station destination in Maharashtra, known for its hill station appeal."
176,Karjat,Maharashtra,West,Adventure,"Apr-Jun, Sep-Nov",12,-4,4,5,3170,21.8148,80.4374,"Adventure destination in Maharashtra, known for its adventure appeal."
177,Amboli,Maharashtra,West,Hill Station,"Mar-Jun, Sep-Nov",15,9,5,5,2447,20.9051,72.9072,"Hill Station destination in Maharashtra, known for its hill station appeal."
178,Chiplun,Maharashtra,West,Heritage,Oct-Mar,39,16,1,4,2230,18.9937,76.2606,"Heritage destination in Maharashtra, known for its heritage appeal."
179,Sindhudurg,Maharashtra,West,Beach,Oct-Mar,31,27,4,3,2301,19.8346,78.7242,"Beach destination in Maharashtra, known for its beach appeal."
180,Calangute,Goa,West,Beach,Oct-Mar,28,25,3,9,3886,14.922,74.2221,"Beach destination in Goa, known for its beach appeal."
181,Baga,Goa,West,Beach,Oct-Mar,30,27,2,6,3136,15.7393,73.742,"Beach destination in Goa, known for its beach appeal."
182,Anjuna,Goa,West,Beach,Oct-Mar,31,25,3,6,3154,15.3319,74.0765,"Beach destination in Goa, known for its beach appeal."
183,Palolem,Goa,West,Beach,Oct-Mar,31,27,2,7,3137,15.2027,74.0135,"Beach destination in Goa, known for its beach appeal."
184,Candolim,Goa,West,Beach,Oct-Mar,28,26,2,5,2896,15.1673,74.2117,"Beach destination in Goa, known for its beach appeal."
185,Panaji,Goa,West,Urban,Oct-Mar,33,18,2,3,1965,14.9406,73.7657,"Urban destination in Goa, known for its urban appeal."
186,Old Goa,Goa,West,Heritage,Oct-Mar,40,21,3,4,2178,15.1331,74.0531,"Heritage destination in Goa, known for its heritage appeal."
187,Colva,Goa,West,Beach,Oct-Mar,30,26,2,4,2340,15.7921,73.839,"Beach destination in Goa, known for its beach appeal."
188,Arambol,Goa,West,Beach,Oct-Mar,31,25,4,7,3929,15.0083,73.7282,"Beach destination in Goa, known for its beach appeal."
189,Vagator,Goa,West,Beach,Oct-Mar,28,22,2,3,2587,15.6436,74.1805,"Beach destination in Goa, known for its beach appeal."
190,Dona Paula,Goa,West,Beach,Oct-Mar,28,21,4,6,3732,15.0565,73.9377,"Beach destination in Goa, known for its beach appeal."
191,Morjim,Goa,West,Beach,Oct-Mar,29,22,3,3,2038,15.6342,73.8347,"Beach destination in Goa, known for its beach appeal."
192,Agonda,Goa,West,Beach,Oct-Mar,32,27,2,3,2544,15.6741,73.9745,"Beach destination in Goa, known for its beach appeal."
193,Benaulim,Goa,West,Beach,Oct-Mar,30,23,2,3,1964,15.667,73.7213,"Beach destination in Goa, known for its beach appeal."
194,Chapora,Goa,West,Beach,Oct-Mar,28,25,4,5,2733,15.1274,73.703,"Beach destination in Goa, known for its beach appeal."
195,Khajuraho,Madhya Pradesh,Central,Heritage,Oct-Mar,37,11,2,7,2404,22.3771,80.0127,"Heritage destination in Madhya Pradesh, known for its heritage appeal."
196,Bhopal,Madhya Pradesh,Central,Urban,Oct-Mar,39,7,3,7,2733,24.536,81.2572,"Urban destination in Madhya Pradesh, known for its urban appeal."
197,Pachmarhi,Madhya Pradesh,Central,Hill Station,"Mar-Jun, Sep-Nov",21,3,4,5,2870,25.3567,78.5871,"Hill Station destination in Madhya Pradesh, known for its hill station appeal."
198,Kanha,Madhya Pradesh,Central,Wildlife,"Nov-Jun (parks often shut Jul-Sep, monsoon)",37,9,2,5,2020,23.0373,76.1005,"Wildlife destination in Madhya Pradesh, known for its wildlife appeal."
199,Bandhavgarh,Madhya Pradesh,Central,Wildlife,"Nov-Jun (parks often shut Jul-Sep, monsoon)",34,18,3,5,2420,22.0199,81.7517,"Wildlife destination in Madhya Pradesh, known for its wildlife appeal."
200,Ujjain,Madhya Pradesh,Central,Pilgrimage,Oct-Mar,36,15,3,4,1777,23.0437,80.5429,"Pilgrimage destination in Madhya Pradesh, known for its pilgrimage appeal."
201,Gwalior,Madhya Pradesh,Central,Heritage,Oct-Mar,41,8,2,7,2756,21.137,76.5259,"Heritage destination in Madhya Pradesh, known for its heritage appeal."
202,Orchha,Madhya Pradesh,Central,Heritage,Oct-Mar,40,17,1,3,1819,22.6069,79.5793,"Heritage destination in Madhya Pradesh, known for its heritage appeal."
203,Indore,Madhya Pradesh,Central,Urban,Oct-Mar,42,9,3,5,2426,24.2393,82.4743,"Urban destination in Madhya Pradesh, known for its urban appeal."
204,Omkareshwar,Madhya Pradesh,Central,Pilgrimage,Oct-Mar,41,11,1,6,2255,25.571,82.3362,"Pilgrimage destination in Madhya Pradesh, known for its pilgrimage appeal."
205,Mandu,Madhya Pradesh,Central,Heritage,Oct-Mar,42,7,2,3,1793,23.1061,79.4641,"Heritage destination in Madhya Pradesh, known for its heritage appeal."
206,Panna,Madhya Pradesh,Central,Wildlife,"Nov-Jun (parks often shut Jul-Sep, monsoon)",31,10,3,7,2705,24.8559,79.2307,"Wildlife destination in Madhya Pradesh, known for its wildlife appeal."
207,Amarkantak,Madhya Pradesh,Central,Pilgrimage,Oct-Mar,38,13,1,5,2467,23.2566,81.2053,"Pilgrimage destination in Madhya Pradesh, known for its pilgrimage appeal."
208,Bhedaghat,Madhya Pradesh,Central,Adventure,"Apr-Jun, Sep-Nov",18,-1,6,4,2244,23.8175,82.3099,"Adventure destination in Madhya Pradesh, known for its adventure appeal."
209,Maheshwar,Madhya Pradesh,Central,Heritage,Oct-Mar,37,15,3,7,2909,22.3805,74.725,"Heritage destination in Madhya Pradesh, known for its heritage appeal."
210,Chitrakote Falls,Chhattisgarh,Central,Adventure,"Apr-Jun, Sep-Nov",21,-7,5,5,2621,23.7904,80.8344,"Adventure destination in Chhattisgarh, known for its adventure appeal."
211,Jagdalpur,Chhattisgarh,Central,Heritage,Oct-Mar,38,11,3,7,2864,20.3048,81.3517,"Heritage destination in Chhattisgarh, known for its heritage appeal."
212,Raipur,Chhattisgarh,Central,Urban,Oct-Mar,37,17,2,4,2236,19.2487,81.095,"Urban destination in Chhattisgarh, known for its urban appeal."
213,Kanger Valley,Chhattisgarh,Central,Wildlife,"Nov-Jun (parks often shut Jul-Sep, monsoon)",30,17,3,6,2547,20.7707,82.4816,"Wildlife destination in Chhattisgarh, known for its wildlife appeal."
214,Bilaspur,Chhattisgarh,Central,Heritage,Oct-Mar,38,15,1,7,2978,22.6568,83.7481,"Heritage destination in Chhattisgarh, known for its heritage appeal."
215,Sirpur,Chhattisgarh,Central,Heritage,Oct-Mar,38,13,3,7,2445,18.0049,84.0676,"Heritage destination in Chhattisgarh, known for its heritage appeal."
216,Bangalore,Karnataka,South,Urban,Nov-Feb,30,23,3,8,2983,12.4094,74.6633,"Urban destination in Karnataka, known for its urban appeal."
217,Mysore,Karnataka,South,Heritage,Nov-Feb,31,23,1,7,2523,12.7097,77.0318,"Heritage destination in Karnataka, known for its heritage appeal."
218,Madikeri,Karnataka,South,Hill Station,"Mar-Jun, Sep-Nov",18,0,4,5,2963,12.6321,76.1907,"Hill Station destination in Karnataka, known for its hill station appeal."
219,Hampi,Karnataka,South,Heritage,Nov-Feb,33,21,2,8,3090,13.6125,77.2274,"Heritage destination in Karnataka, known for its heritage appeal."
220,Chikmagalur,Karnataka,South,Hill Station,"Mar-Jun, Sep-Nov",14,7,4,3,1734,14.9155,74.5722,"Hill Station destination in Karnataka, known for its hill station appeal."
221,Gokarna,Karnataka,South,Beach,Oct-Mar,28,24,2,6,3447,15.4616,74.144,"Beach destination in Karnataka, known for its beach appeal."
222,Udupi,Karnataka,South,Pilgrimage,Nov-Feb,31,20,2,3,1533,14.0193,74.2494,"Pilgrimage destination in Karnataka, known for its pilgrimage appeal."
223,Badami,Karnataka,South,Heritage,Nov-Feb,31,21,2,4,2286,12.9859,77.2194,"Heritage destination in Karnataka, known for its heritage appeal."
224,Belur,Karnataka,South,Heritage,Nov-Feb,34,21,2,6,2203,15.9914,77.2791,"Heritage destination in Karnataka, known for its heritage appeal."
225,Halebidu,Karnataka,South,Heritage,Nov-Feb,33,20,2,3,1514,15.3349,77.2908,"Heritage destination in Karnataka, known for its heritage appeal."
226,Jog Falls,Karnataka,South,Adventure,"Apr-Jun, Sep-Nov",15,-3,5,6,3407,13.9422,77.7667,"Adventure destination in Karnataka, known for its adventure appeal."
227,Nandi Hills,Karnataka,South,Hill Station,"Mar-Jun, Sep-Nov",20,6,4,4,2495,14.9182,74.2834,"Hill Station destination in Karnataka, known for its hill station appeal."
228,Bandipur,Karnataka,South,Wildlife,"Nov-Jun (parks often shut Jul-Sep, monsoon)",31,14,3,6,2244,17.6153,75.0865,"Wildlife destination in Karnataka, known for its wildlife appeal."
229,Kabini,Karnataka,South,Wildlife,"Nov-Jun (parks often shut Jul-Sep, monsoon)",36,12,2,7,2989,16.1451,76.3419,"Wildlife destination in Karnataka, known for its wildlife appeal."
230,Murudeshwar,Karnataka,South,Pilgrimage,Nov-Feb,29,25,2,5,2066,18.4747,78.4866,"Pilgrimage destination in Karnataka, known for its pilgrimage appeal."
231,Bijapur,Karnataka,South,Heritage,Nov-Feb,30,23,2,5,2371,12.0982,74.2379,"Heritage destination in Karnataka, known for its heritage appeal."
232,Hassan,Karnataka,South,Heritage,Nov-Feb,28,26,1,7,2937,16.7247,76.0147,"Heritage destination in Karnataka, known for its heritage appeal."
233,Agumbe,Karnataka,South,Hill Station,"Mar-Jun, Sep-Nov",17,7,4,6,2879,15.3488,76.413,"Hill Station destination in Karnataka, known for its hill station appeal."
234,Sringeri,Karnataka,South,Pilgrimage,Nov-Feb,28,23,2,7,2663,15.7827,76.7898,"Pilgrimage destination in Karnataka, known for its pilgrimage appeal."
235,Dandeli,Karnataka,South,Adventure,"Apr-Jun, Sep-Nov",11,-5,6,4,2869,13.5586,75.7162,"Adventure destination in Karnataka, known for its adventure appeal."
236,Bidar,Karnataka,South,Heritage,Nov-Feb,30,24,2,7,2942,12.5078,77.3212,"Heritage destination in Karnataka, known for its heritage appeal."
237,Kudremukh,Karnataka,South,Hill Station,"Mar-Jun, Sep-Nov",20,5,4,4,2079,17.4953,76.3153,"Hill Station destination in Karnataka, known for its hill station appeal."
238,Chennai,Tamil Nadu,South,Urban,Nov-Feb,33,25,2,8,3083,11.2288,78.9167,"Urban destination in Tamil Nadu, known for its urban appeal."
239,Ooty,Tamil Nadu,South,Hill Station,"Mar-Jun, Sep-Nov",20,1,3,8,3255,10.2548,79.7177,"Hill Station destination in Tamil Nadu, known for its hill station appeal."
240,Kodaikanal,Tamil Nadu,South,Hill Station,"Mar-Jun, Sep-Nov",18,-4,3,8,3402,9.3747,76.5013,"Hill Station destination in Tamil Nadu, known for its hill station appeal."
241,Madurai,Tamil Nadu,South,Pilgrimage,Nov-Feb,33,21,1,7,2889,8.8871,78.0427,"Pilgrimage destination in Tamil Nadu, known for its pilgrimage appeal."
242,Rameshwaram,Tamil Nadu,South,Pilgrimage,Nov-Feb,35,22,1,6,2250,9.0051,76.3504,"Pilgrimage destination in Tamil Nadu, known for its pilgrimage appeal."
243,Kanyakumari,Tamil Nadu,South,Beach,Oct-Mar,32,27,2,9,4192,12.6585,79.5032,"Beach destination in Tamil Nadu, known for its beach appeal."
244,Mahabalipuram,Tamil Nadu,South,Heritage,Nov-Feb,31,26,3,6,2529,8.2846,80.2454,"Heritage destination in Tamil Nadu, known for its heritage appeal."
245,Coimbatore,Tamil Nadu,South,Urban,Nov-Feb,28,26,2,6,2163,11.556,77.1213,"Urban destination in Tamil Nadu, known for its urban appeal."
246,Yercaud,Tamil Nadu,South,Hill Station,"Mar-Jun, Sep-Nov",18,0,5,7,2786,11.2572,79.0217,"Hill Station destination in Tamil Nadu, known for its hill station appeal."
247,Thanjavur,Tamil Nadu,South,Heritage,Nov-Feb,31,24,2,5,1915,13.2398,78.8204,"Heritage destination in Tamil Nadu, known for its heritage appeal."
248,Trichy,Tamil Nadu,South,Heritage,Nov-Feb,28,26,3,5,2242,11.7011,76.7726,"Heritage destination in Tamil Nadu, known for its heritage appeal."
249,Coonoor,Tamil Nadu,South,Hill Station,"Mar-Jun, Sep-Nov",17,-3,4,6,3024,13.3375,76.585,"Hill Station destination in Tamil Nadu, known for its hill station appeal."
250,Kumbakonam,Tamil Nadu,South,Pilgrimage,Nov-Feb,35,24,2,7,3132,9.4787,78.9127,"Pilgrimage destination in Tamil Nadu, known for its pilgrimage appeal."
251,Chettinad,Tamil Nadu,South,Heritage,Nov-Feb,34,21,3,4,1710,9.4184,79.6066,"Heritage destination in Tamil Nadu, known for its heritage appeal."
252,Vellore,Tamil Nadu,South,Pilgrimage,Nov-Feb,34,20,3,3,1849,11.7532,77.0843,"Pilgrimage destination in Tamil Nadu, known for its pilgrimage appeal."
253,Yelagiri,Tamil Nadu,South,Hill Station,"Mar-Jun, Sep-Nov",18,0,3,4,2195,8.9602,78.6803,"Hill Station destination in Tamil Nadu, known for its hill station appeal."
254,Hogenakkal,Tamil Nadu,South,Adventure,"Apr-Jun, Sep-Nov",16,-10,4,3,2430,12.3249,78.5248,"Adventure destination in Tamil Nadu, known for its adventure appeal."
255,Pichavaram,Tamil Nadu,South,Backwaters,Sep-Mar,27,24,3,7,3562,13.0986,77.9965,"Backwaters destination in Tamil Nadu, known for its backwaters appeal."
256,Kanchipuram,Tamil Nadu,South,Pilgrimage,Nov-Feb,29,21,1,3,1654,12.7921,77.7403,"Pilgrimage destination in Tamil Nadu, known for its pilgrimage appeal."
257,Velankanni,Tamil Nadu,South,Pilgrimage,Nov-Feb,33,25,3,3,1659,11.5031,78.7003,"Pilgrimage destination in Tamil Nadu, known for its pilgrimage appeal."
258,Dhanushkodi,Tamil Nadu,South,Beach,Oct-Mar,32,23,2,3,2340,11.0467,78.0221,"Beach destination in Tamil Nadu, known for its beach appeal."
259,Puducherry,Puducherry,South,Beach,Oct-Mar,29,23,4,9,4438,11.9619,79.7927,"Beach destination in Puducherry, known for its beach appeal."
260,Auroville,Puducherry,South,Heritage,Nov-Feb,30,24,2,4,1987,11.9026,79.7682,"Heritage destination in Puducherry, known for its heritage appeal."
261,Visakhapatnam,Andhra Pradesh,South,Beach,Oct-Mar,31,25,3,7,3302,16.0799,80.076,"Beach destination in Andhra Pradesh, known for its beach appeal."
262,Araku Valley,Andhra Pradesh,South,Hill Station,"Mar-Jun, Sep-Nov",20,1,4,4,2448,16.405,83.4147,"Hill Station destination in Andhra Pradesh, known for its hill station appeal."
263,Vijayawada,Andhra Pradesh,South,Pilgrimage,Nov-Feb,30,26,3,7,3078,14.3774,84.2309,"Pilgrimage destination in Andhra Pradesh, known for its pilgrimage appeal."
264,Tirupati,Andhra Pradesh,South,Pilgrimage,Nov-Feb,34,23,1,7,2627,13.3404,80.7898,"Pilgrimage destination in Andhra Pradesh, known for its pilgrimage appeal."
265,Lepakshi,Andhra Pradesh,South,Heritage,Nov-Feb,35,24,2,5,2539,16.4855,81.5313,"Heritage destination in Andhra Pradesh, known for its heritage appeal."
266,Srisailam,Andhra Pradesh,South,Pilgrimage,Nov-Feb,29,23,2,4,1939,19.7301,83.4208,"Pilgrimage destination in Andhra Pradesh, known for its pilgrimage appeal."
267,Amaravati,Andhra Pradesh,South,Heritage,Nov-Feb,33,22,3,6,2261,16.4337,82.5306,"Heritage destination in Andhra Pradesh, known for its heritage appeal."
268,Hyderabad,Telangana,South,Heritage,Nov-Feb,35,20,2,6,2317,19.748,79.1825,"Heritage destination in Telangana, known for its heritage appeal."
269,Warangal,Telangana,South,Heritage,Nov-Feb,34,25,1,6,2157,18.3959,81.1008,"Heritage destination in Telangana, known for its heritage appeal."
270,Nagarjuna Sagar,Telangana,South,Adventure,"Apr-Jun, Sep-Nov",14,-5,5,7,3833,16.7351,78.0694,"Adventure destination in Telangana, known for its adventure appeal."
271,Bhongir,Telangana,South,Heritage,Nov-Feb,29,21,1,7,3084,18.9568,79.4822,"Heritage destination in Telangana, known for its heritage appeal."
272,Khammam,Telangana,South,Heritage,Nov-Feb,30,24,2,5,2487,18.5528,80.5191,"Heritage destination in Telangana, known for its heritage appeal."
273,Nizamabad,Telangana,South,Heritage,Nov-Feb,30,23,2,3,1710,16.4272,78.1645,"Heritage destination in Telangana, known for its heritage appeal."
274,Adilabad,Telangana,South,Wildlife,"Nov-Jun (parks often shut Jul-Sep, monsoon)",31,9,2,7,2416,15.8969,79.8321,"Wildlife destination in Telangana, known for its wildlife appeal."
275,Kolkata,West Bengal,East,Urban,Oct-Mar,33,17,4,7,2549,25.1025,86.0397,"Urban destination in West Bengal, known for its urban appeal."
276,Darjeeling,West Bengal,East,Hill Station,"Mar-Jun, Sep-Nov",22,-3,5,8,3651,23.8046,87.5556,"Hill Station destination in West Bengal, known for its hill station appeal."
277,Kalimpong,West Bengal,East,Hill Station,"Mar-Jun, Sep-Nov",20,4,3,5,2968,22.2318,86.2268,"Hill Station destination in West Bengal, known for its hill station appeal."
278,Sundarbans,West Bengal,East,Wildlife,"Nov-Jun (parks often shut Jul-Sep, monsoon)",35,18,3,7,2403,21.9883,89.4662,"Wildlife destination in West Bengal, known for its wildlife appeal."
279,Digha,West Bengal,East,Beach,Oct-Mar,30,21,2,5,2787,25.0178,87.6139,"Beach destination in West Bengal, known for its beach appeal."
280,Shantiniketan,West Bengal,East,Heritage,Oct-Mar,33,12,1,6,2300,24.5781,89.4083,"Heritage destination in West Bengal, known for its heritage appeal."
281,Mirik,West Bengal,East,Hill Station,"Mar-Jun, Sep-Nov",15,-2,4,6,2723,23.3981,88.5449,"Hill Station destination in West Bengal, known for its hill station appeal."
282,Murshidabad,West Bengal,East,Heritage,Oct-Mar,36,12,2,3,2010,24.0442,87.1676,"Heritage destination in West Bengal, known for its heritage appeal."
283,Siliguri,West Bengal,East,Urban,Oct-Mar,35,14,2,7,2861,25.8026,86.499,"Urban destination in West Bengal, known for its urban appeal."
284,Kurseong,West Bengal,East,Hill Station,"Mar-Jun, Sep-Nov",23,9,4,3,2206,21.507,87.0335,"Hill Station destination in West Bengal, known for its hill station appeal."
285,Bakkhali,West Bengal,East,Beach,Oct-Mar,31,23,3,7,3167,27.0527,85.8821,"Beach destination in West Bengal, known for its beach appeal."
286,Jaldapara,West Bengal,East,Wildlife,"Nov-Jun (parks often shut Jul-Sep, monsoon)",33,16,3,6,2307,25.3279,86.181,"Wildlife destination in West Bengal, known for its wildlife appeal."
287,Lataguri,West Bengal,East,Wildlife,"Nov-Jun (parks often shut Jul-Sep, monsoon)",35,10,3,3,1806,24.389,86.4531,"Wildlife destination in West Bengal, known for its wildlife appeal."
288,Gangtok,Sikkim,Northeast,Hill Station,"Mar-Jun, Sep-Nov",17,-4,5,7,3012,27.419,88.3117,"Hill Station destination in Sikkim, known for its hill station appeal."
289,Pelling,Sikkim,Northeast,Hill Station,"Mar-Jun, Sep-Nov",22,4,3,5,2840,27.3077,88.8481,"Hill Station destination in Sikkim, known for its hill station appeal."
290,Lachung,Sikkim,Northeast,Adventure,"Apr-Jun, Sep-Nov",9,-4,5,5,3054,27.632,88.5099,"Adventure destination in Sikkim, known for its adventure appeal."
291,Lachen,Sikkim,Northeast,Adventure,"Apr-Jun, Sep-Nov",11,-1,7,3,1935,27.8992,88.3426,"Adventure destination in Sikkim, known for its adventure appeal."
292,Yumthang Valley,Sikkim,Northeast,Adventure,"Apr-Jun, Sep-Nov",15,-1,5,5,3057,27.3351,88.0728,"Adventure destination in Sikkim, known for its adventure appeal."
293,Namchi,Sikkim,Northeast,Pilgrimage,Oct-Apr,28,9,2,5,2381,27.3807,88.878,"Pilgrimage destination in Sikkim, known for its pilgrimage appeal."
294,Ravangla,Sikkim,Northeast,Hill Station,"Mar-Jun, Sep-Nov",23,4,4,3,2000,27.3451,88.5457,"Hill Station destination in Sikkim, known for its hill station appeal."
295,Zuluk,Sikkim,Northeast,Adventure,"Apr-Jun, Sep-Nov",8,3,7,7,3249,28.0481,88.7427,"Adventure destination in Sikkim, known for its adventure appeal."
296,Tsomgo Lake,Sikkim,Northeast,Adventure,"Apr-Jun, Sep-Nov",20,-6,5,7,2948,27.1487,88.8668,"Adventure destination in Sikkim, known for its adventure appeal."
297,Puri,Odisha,East,Pilgrimage,Oct-Mar,33,14,2,6,2204,20.876,82.7178,"Pilgrimage destination in Odisha, known for its pilgrimage appeal."
298,Konark,Odisha,East,Heritage,Oct-Mar,35,12,3,5,2173,20.5093,82.5699,"Heritage destination in Odisha, known for its heritage appeal."
299,Bhubaneswar,Odisha,East,Heritage,Oct-Mar,30,12,2,5,2421,20.7736,83.2139,"Heritage destination in Odisha, known for its heritage appeal."
300,Chilika Lake,Odisha,East,Wildlife,"Nov-Jun (parks often shut Jul-Sep, monsoon)",36,11,2,5,1962,21.5569,83.0189,"Wildlife destination in Odisha, known for its wildlife appeal."
301,Gopalpur,Odisha,East,Beach,Oct-Mar,31,21,4,3,2092,18.8599,82.4599,"Beach destination in Odisha, known for its beach appeal."
302,Similipal,Odisha,East,Wildlife,"Nov-Jun (parks often shut Jul-Sep, monsoon)",33,14,2,4,1778,22.0557,84.1437,"Wildlife destination in Odisha, known for its wildlife appeal."
303,Bhitarkanika,Odisha,East,Wildlife,"Nov-Jun (parks often shut Jul-Sep, monsoon)",32,15,2,6,2486,18.6491,83.7612,"Wildlife destination in Odisha, known for its wildlife appeal."
304,Daringbadi,Odisha,East,Hill Station,"Mar-Jun, Sep-Nov",18,9,5,4,2047,19.8092,86.2211,"Hill Station destination in Odisha, known for its hill station appeal."
305,Bodh Gaya,Bihar,East,Pilgrimage,Oct-Mar,34,17,2,7,2515,24.3388,84.4578,"Pilgrimage destination in Bihar, known for its pilgrimage appeal."
306,Patna,Bihar,East,Urban,Oct-Mar,34,15,3,7,3129,25.8611,83.8267,"Urban destination in Bihar, known for its urban appeal."
307,Nalanda,Bihar,East,Heritage,Oct-Mar,33,15,3,7,2740,24.7802,84.8584,"Heritage destination in Bihar, known for its heritage appeal."
308,Rajgir,Bihar,East,Pilgrimage,Oct-Mar,33,12,3,3,1809,27.0506,85.1835,"Pilgrimage destination in Bihar, known for its pilgrimage appeal."
309,Vaishali,Bihar,East,Heritage,Oct-Mar,31,11,1,3,1833,27.3171,87.1826,"Heritage destination in Bihar, known for its heritage appeal."
310,Gaya,Bihar,East,Pilgrimage,Oct-Mar,34,11,2,4,1723,27.1856,85.5151,"Pilgrimage destination in Bihar, known for its pilgrimage appeal."
311,Munger,Bihar,East,Heritage,Oct-Mar,32,17,2,5,2216,25.0263,87.5691,"Heritage destination in Bihar, known for its heritage appeal."
312,Bhagalpur,Bihar,East,Heritage,Oct-Mar,36,18,1,5,1983,27.4625,85.4277,"Heritage destination in Bihar, known for its heritage appeal."
313,Sasaram,Bihar,East,Heritage,Oct-Mar,34,18,1,5,2357,26.8668,83.8058,"Heritage destination in Bihar, known for its heritage appeal."
314,Ranchi,Jharkhand,East,Urban,Oct-Mar,30,15,2,4,1977,25.2714,87.4742,"Urban destination in Jharkhand, known for its urban appeal."
315,Netarhat,Jharkhand,East,Hill Station,"Mar-Jun, Sep-Nov",16,2,5,6,2749,23.3012,85.6633,"Hill Station destination in Jharkhand, known for its hill station appeal."
316,Deoghar,Jharkhand,East,Pilgrimage,Oct-Mar,35,18,2,6,2799,24.5604,84.2797,"Pilgrimage destination in Jharkhand, known for its pilgrimage appeal."
317,Jamshedpur,Jharkhand,East,Urban,Oct-Mar,30,12,4,4,1706,22.7684,84.4211,"Urban destination in Jharkhand, known for its urban appeal."
318,Guwahati,Assam,Northeast,Urban,Oct-Apr,24,15,2,4,1986,27.5041,91.73,"Urban destination in Assam, known for its urban appeal."
319,Kaziranga,Assam,Northeast,Wildlife,"Nov-Jun (parks often shut Jul-Sep, monsoon)",33,16,3,7,2738,27.5971,92.9808,"Wildlife destination in Assam, known for its wildlife appeal."
320,Majuli,Assam,Northeast,Heritage,Oct-Apr,27,8,3,4,1902,27.6267,91.1151,"Heritage destination in Assam, known for its heritage appeal."
321,Dibrugarh,Assam,Northeast,Urban,Oct-Apr,24,14,4,6,2416,24.722,91.4249,"Urban destination in Assam, known for its urban appeal."
322,Sivasagar,Assam,Northeast,Heritage,Oct-Apr,27,11,3,3,1826,25.1864,94.8405,"Heritage destination in Assam, known for its heritage appeal."
323,Jorhat,Assam,Northeast,Urban,Oct-Apr,24,15,4,4,2081,24.94,95.8639,"Urban destination in Assam, known for its urban appeal."
324,Tezpur,Assam,Northeast,Heritage,Oct-Apr,29,14,2,6,2165,25.3162,94.4451,"Heritage destination in Assam, known for its heritage appeal."
325,Manas National Park,Assam,Northeast,Wildlife,"Nov-Jun (parks often shut Jul-Sep, monsoon)",38,14,3,7,2938,24.5102,94.0174,"Wildlife destination in Assam, known for its wildlife appeal."
326,Shillong,Meghalaya,Northeast,Hill Station,"Mar-Jun, Sep-Nov",17,6,4,8,3437,25.1657,90.8272,"Hill Station destination in Meghalaya, known for its hill station appeal."
327,Cherrapunji,Meghalaya,Northeast,Adventure,"Apr-Jun, Sep-Nov",13,0,4,7,3688,25.6731,90.1178,"Adventure destination in Meghalaya, known for its adventure appeal."
328,Mawlynnong,Meghalaya,Northeast,Hill Station,"Mar-Jun, Sep-Nov",20,8,4,6,2992,25.8372,90.2802,"Hill Station destination in Meghalaya, known for its hill station appeal."
329,Dawki,Meghalaya,Northeast,Adventure,"Apr-Jun, Sep-Nov",17,-1,7,3,2346,25.9696,90.6337,"Adventure destination in Meghalaya, known for its adventure appeal."
330,Nongriat,Meghalaya,Northeast,Adventure,"Apr-Jun, Sep-Nov",10,5,7,4,2618,25.342,92.027,"Adventure destination in Meghalaya, known for its adventure appeal."
331,Jowai,Meghalaya,Northeast,Hill Station,"Mar-Jun, Sep-Nov",20,6,5,4,2200,25.8622,91.4627,"Hill Station destination in Meghalaya, known for its hill station appeal."
332,Tawang,Arunachal Pradesh,Northeast,Hill Station,"Mar-Jun, Sep-Nov",19,5,4,7,2721,28.6881,92.7744,"Hill Station destination in Arunachal Pradesh, known for its hill station appeal."
333,Ziro Valley,Arunachal Pradesh,Northeast,Hill Station,"Mar-Jun, Sep-Nov",15,0,3,6,2725,27.0169,93.3725,"Hill Station destination in Arunachal Pradesh, known for its hill station appeal."
334,Bomdila,Arunachal Pradesh,Northeast,Hill Station,"Mar-Jun, Sep-Nov",21,-2,3,4,2209,27.8561,95.788,"Hill Station destination in Arunachal Pradesh, known for its hill station appeal."
335,Itanagar,Arunachal Pradesh,Northeast,Urban,Oct-Apr,29,9,3,7,2884,26.6053,92.6346,"Urban destination in Arunachal Pradesh, known for its urban appeal."
336,Imphal,Manipur,Northeast,Urban,Oct-Apr,25,12,3,6,2260,24.5366,93.7242,"Urban destination in Manipur, known for its urban appeal."
337,Loktak Lake,Manipur,Northeast,Adventure,"Apr-Jun, Sep-Nov",14,-7,4,5,2445,24.902,94.0107,"Adventure destination in Manipur, known for its adventure appeal."
338,Moirang,Manipur,Northeast,Heritage,Oct-Apr,27,14,2,4,2059,24.9441,93.0413,"Heritage destination in Manipur, known for its heritage appeal."
339,Aizawl,Mizoram,Northeast,Hill Station,"Mar-Jun, Sep-Nov",16,-4,5,5,2244,22.769,93.2204,"Hill Station destination in Mizoram, known for its hill station appeal."
340,Reiek,Mizoram,Northeast,Hill Station,"Mar-Jun, Sep-Nov",19,0,5,6,2889,23.0445,92.3917,"Hill Station destination in Mizoram, known for its hill station appeal."
341,Champhai,Mizoram,Northeast,Hill Station,"Mar-Jun, Sep-Nov",20,-4,5,3,1764,22.4736,92.9777,"Hill Station destination in Mizoram, known for its hill station appeal."
342,Kohima,Nagaland,Northeast,Hill Station,"Mar-Jun, Sep-Nov",22,7,4,7,2852,26.3476,94.2427,"Hill Station destination in Nagaland, known for its hill station appeal."
343,Dimapur,Nagaland,Northeast,Urban,Oct-Apr,26,12,4,6,2412,26.2294,94.4168,"Urban destination in Nagaland, known for its urban appeal."
344,Mon,Nagaland,Northeast,Heritage,Oct-Apr,24,10,1,4,1900,25.2472,93.346,"Heritage destination in Nagaland, known for its heritage appeal."
345,Wokha,Nagaland,Northeast,Hill Station,"Mar-Jun, Sep-Nov",19,8,4,3,2271,26.6086,93.4067,"Hill Station destination in Nagaland, known for its hill station appeal."
346,Zunheboto,Nagaland,Northeast,Hill Station,"Mar-Jun, Sep-Nov",16,9,4,5,2491,26.0311,94.2137,"Hill Station destination in Nagaland, known for its hill station appeal."
347,Agartala,Tripura,Northeast,Urban,Oct-Apr,28,11,3,4,1748,24.0647,91.6958,"Urban destination in Tripura, known for its urban appeal."
348,Unakoti,Tripura,Northeast,Heritage,Oct-Apr,24,14,1,6,2699,23.1543,91.8323,"Heritage destination in Tripura, known for its heritage appeal."
349,Neermahal,Tripura,Northeast,Heritage,Oct-Apr,27,15,3,6,2617,24.4306,91.1827,"Heritage destination in Tripura, known for its heritage appeal."
350,Port Blair,Andaman and Nicobar Islands,Island,Island,Sep-Mar,30,23,5,7,4085,8.4289,93.7406,"Island destination in Andaman and Nicobar Islands, known for its island appeal."
351,Havelock Island,Andaman and Nicobar Islands,Island,Island,Sep-Mar,28,27,6,7,4855,8.577,92.4658,"Island destination in Andaman and Nicobar Islands, known for its island appeal."
352,Neil Island,Andaman and Nicobar Islands,Island,Island,Sep-Mar,30,24,5,4,3259,9.1214,92.7358,"Island destination in Andaman and Nicobar Islands, known for its island appeal."
353,Ross Island,Andaman and Nicobar Islands,Island,Island,Sep-Mar,29,27,6,4,3423,10.5382,92.4176,"Island destination in Andaman and Nicobar Islands, known for its island appeal."
354,Baratang,Andaman and Nicobar Islands,Island,Island,Sep-Mar,31,23,5,6,4345,11.071,93.0406,"Island destination in Andaman and Nicobar Islands, known for its island appeal."
355,Kavaratti,Lakshadweep,Island,Island,Sep-Mar,31,23,4,5,3843,8.9839,72.478,"Island destination in Lakshadweep, known for its island appeal."
356,Agatti,Lakshadweep,Island,Island,Sep-Mar,29,22,4,6,3819,8.6678,72.0479,"Island destination in Lakshadweep, known for its island appeal."
357,Bangaram,Lakshadweep,Island,Island,Sep-Mar,30,23,4,3,2819,8.6706,73.6783,"Island destination in Lakshadweep, known for its island appeal."
358,Amritsar,Punjab,North,Pilgrimage,Oct-Mar,42,10,2,6,2532,29.7452,75.2749,"Pilgrimage destination in Punjab, known for its pilgrimage appeal."
359,Chandigarh,Punjab,North,Urban,Oct-Mar,34,13,2,7,3117,32.0499,75.9071,"Urban destination in Punjab, known for its urban appeal."
360,Patiala,Punjab,North,Heritage,Oct-Mar,35,6,1,6,2171,31.0375,76.3192,"Heritage destination in Punjab, known for its heritage appeal."
361,Ludhiana,Punjab,North,Urban,Oct-Mar,36,6,4,3,1593,30.2759,74.3941,"Urban destination in Punjab, known for its urban appeal."
362,Anandpur Sahib,Punjab,North,Pilgrimage,Oct-Mar,37,7,2,7,2881,29.9849,74.6665,"Pilgrimage destination in Punjab, known for its pilgrimage appeal."
363,Bathinda,Punjab,North,Heritage,Oct-Mar,42,11,2,6,2704,29.5815,74.0956,"Heritage destination in Punjab, known for its heritage appeal."
364,Ferozepur,Punjab,North,Heritage,Oct-Mar,36,11,1,4,1998,29.8164,75.8703,"Heritage destination in Punjab, known for its heritage appeal."
365,Fazilka,Punjab,North,Heritage,Oct-Mar,42,14,2,5,2436,32.3934,74.5113,"Heritage destination in Punjab, known for its heritage appeal."
366,Kapurthala,Punjab,North,Heritage,Oct-Mar,41,11,1,6,2332,30.437,75.828,"Heritage destination in Punjab, known for its heritage appeal."
367,Kurukshetra,Haryana,North,Pilgrimage,Oct-Mar,41,5,2,6,2646,30.2178,75.482,"Pilgrimage destination in Haryana, known for its pilgrimage appeal."
368,Panipat,Haryana,North,Heritage,Oct-Mar,36,6,3,4,1801,29.2733,76.3541,"Heritage destination in Haryana, known for its heritage appeal."
369,Pinjore,Haryana,North,Heritage,Oct-Mar,40,11,1,6,2740,28.6334,76.9756,"Heritage destination in Haryana, known for its heritage appeal."
370,Surajkund,Haryana,North,Heritage,Oct-Mar,39,6,1,6,2679,28.6549,77.5641,"Heritage destination in Haryana, known for its heritage appeal."
371,Kaithal,Haryana,North,Pilgrimage,Oct-Mar,40,8,1,7,2603,30.8904,77.5373,"Pilgrimage destination in Haryana, known for its pilgrimage appeal."
372,Sohna,Haryana,North,Adventure,"Apr-Jun, Sep-Nov",18,-4,7,5,2970,27.907,74.591,"Adventure destination in Haryana, known for its adventure appeal."
373,New Delhi,Delhi,North,Urban,Oct-Mar,37,5,3,7,2650,28.8867,77.0021,"Urban destination in Delhi, known for its urban appeal."
374,Gurgaon,Delhi,North,Urban,Oct-Mar,42,7,3,4,1766,28.7798,77.3928,"Urban destination in Delhi, known for its urban appeal."
375,Noida,Delhi,North,Urban,Oct-Mar,35,12,2,4,2191,28.8399,77.1153,"Urban destination in Delhi, known for its urban appeal."
376,Faridabad,Delhi,North,Urban,Oct-Mar,38,11,3,3,1613,28.471,77.0088,"Urban destination in Delhi, known for its urban appeal."
